Date,Line,Station,Total Vehicles,Bike,Car,Eight Wheleer,General Parking,Pass Vehicles,Six Wheeler,e-Four Wheeler,e-Two Wheeler,h-Four Wheeler,h-Two Wheeler,Eight Wheeler
2026-01-25,01,SWD,265,236,20,0.0,265,0,0,1,7,0,1,
2026-01-25,01,SWN,54,47,7,0.0,54,0,0,0,0,0,0,
2026-01-25,01,STV,133,131,0,0.0,133,0,0,0,2,0,0,
2026-01-25,01,STT,176,168,0,0.0,176,0,0,0,8,0,0,
2026-01-25,01,SKP,151,147,0,0.0,151,0,0,0,3,0,1,
2026-01-25,01,STG,44,27,14,0.0,44,0,0,0,3,0,0,
2026-01-25,01,SNW,150,145,0,0.0,150,0,0,0,5,0,0,
2026-01-25,01,STR,170,167,0,0.0,170,0,0,0,3,0,0,
2026-01-25,01,STC,261,191,60,0.0,261,0,0,0,10,0,0,
2026-01-25,01,SWA,421,248,161,0.0,421,0,0,1,10,0,1,
2026-01-25,01,SMA,393,88,293,0.0,393,0,0,6,3,2,1,
2026-01-25,01,SHC,35,32,0,0.0,35,0,0,0,3,0,0,
2026-01-25,01,SGE,140,94,46,0.0,140,0,0,0,0,0,0,
2026-01-25,01,SLI,94,74,20,0.0,94,0,0,0,0,0,0,
2026-01-25,01,STL,49,49,0,0.0,49,0,0,0,0,0,0,
2026-01-25,01,SGM,98,96,0,0.0,98,0,0,0,2,0,0,
2026-01-25,01,STE,14,10,4,0.0,14,0,0,0,0,0,0,
2026-01-25,01,SCR,70,47,22,0.0,70,0,0,0,1,0,0,
2026-01-25,01,SSA,155,111,37,0.0,155,0,0,2,5,0,0,
2026-01-25,01,SLM,400,238,155,0.0,400,0,0,0,7,0,0,
2026-01-25,01,SGU,225,203,16,0.0,225,0,0,0,4,0,2,
2026-01-25,01,SOT,218,186,29,0.0,218,0,0,1,2,0,0,
2026-01-25,01,SME,602,586,0,0.0,602,0,0,0,13,0,3,
2026-01-25,01,SAP,276,234,18,0.0,276,0,0,0,21,0,3,
2026-01-25,02,SCC,394,303,77,,394,0,0,3,9,0,2,0.0
2026-01-25,02,SEG,538,437,86,,538,0,0,0,10,0,5,0.0
2026-01-25,02,SNP,100,62,35,,100,0,0,0,3,0,0,0.0
2026-01-25,02,SKM,18,16,0,,18,0,0,0,2,0,0,0.0
2026-01-25,02,SPC,127,74,48,,127,0,0,4,1,0,0,0.0
2026-01-25,02,SSN,148,85,62,,148,0,0,1,0,0,0,0.0
2026-01-25,02,SAE,179,166,10,,179,0,0,0,3,0,0,0.0
2026-01-25,02,SAT,92,91,0,,92,0,0,0,1,0,0,0.0
2026-01-25,02,STI,1230,1195,24,,1230,0,0,0,9,0,2,0.0
2026-01-25,02,SKO,750,597,132,,750,0,0,0,19,1,1,0.0
2026-01-25,02,SAR,281,178,101,,281,0,0,1,1,0,0,0.0
2026-01-25,02,SVA,960,928,2,,960,0,0,0,30,0,0,0.0
2026-01-25,02,SAN,466,392,67,,466,0,0,1,5,0,1,0.0
2026-01-25,02,SSI,36,35,0,,36,0,0,0,1,0,0,0.0
2026-01-25,02,SAL,890,661,203,,890,0,0,2,17,0,7,0.0
2026-01-25,02,SMM,251,179,62,,251,0,0,0,9,0,1,0.0
2026-01-26,01,SWD,375,338,28,0.0,375,0,0,0,9,0,0,
2026-01-26,01,SWN,63,55,5,0.0,63,0,0,0,2,0,1,
2026-01-26,01,STV,153,150,0,0.0,153,0,0,0,3,0,0,
2026-01-26,01,STT,144,140,0,0.0,144,0,0,0,4,0,0,
2026-01-26,01,SKP,165,163,0,0.0,165,0,0,0,1,0,1,
2026-01-26,01,STG,46,35,10,0.0,46,0,0,0,1,0,0,
2026-01-26,01,SNW,137,133,0,0.0,137,0,0,0,4,0,0,
2026-01-26,01,STR,192,189,0,0.0,192,0,0,0,3,0,0,
2026-01-26,01,STC,250,166,76,0.0,250,0,0,1,6,0,1,
2026-01-26,01,SWA,393,259,124,0.0,393,0,0,1,9,0,0,
2026-01-26,01,SMA,430,104,311,0.0,430,0,0,7,4,3,1,
2026-01-26,01,SHC,61,60,0,0.0,61,0,0,0,1,0,0,
2026-01-26,01,SGE,230,158,67,0.0,230,0,0,1,4,0,0,
2026-01-26,01,SLI,90,67,21,0.0,90,0,0,2,0,0,0,
2026-01-26,01,STL,46,44,0,0.0,46,0,0,0,2,0,0,
2026-01-26,01,SGM,80,80,0,0.0,80,0,0,0,0,0,0,
2026-01-26,01,STE,23,19,4,0.0,23,0,0,0,0,0,0,
2026-01-26,01,SCR,111,76,30,0.0,111,0,0,1,3,0,1,
2026-01-26,01,SSA,276,222,47,0.0,276,0,0,3,4,0,0,
2026-01-26,01,SLM,187,154,30,0.0,187,0,0,0,3,0,0,
2026-01-26,01,SGU,234,197,31,0.0,234,0,0,0,5,0,1,
2026-01-26,01,SOT,247,204,36,0.0,247,0,0,1,6,0,0,
2026-01-26,01,SME,708,688,0,0.0,708,0,0,0,15,0,5,
2026-01-26,01,SAP,386,337,20,0.0,386,0,0,0,27,0,2,
2026-01-26,02,SCC,510,372,119,,510,0,0,6,13,0,0,0.0
2026-01-26,02,SEG,600,462,119,,600,0,0,2,13,1,3,0.0
2026-01-26,02,SNP,133,71,61,,133,0,0,0,1,0,0,0.0
2026-01-26,02,SKM,31,30,0,,31,0,0,0,1,0,0,0.0
2026-01-26,02,SPC,113,72,37,,113,0,0,3,1,0,0,0.0
2026-01-26,02,SSN,176,100,73,,176,0,0,1,2,0,0,0.0
2026-01-26,02,SAE,199,179,12,,199,0,0,1,7,0,0,0.0
2026-01-26,02,SAT,111,109,0,,111,0,0,0,2,0,0,0.0
2026-01-26,02,STI,1637,1598,22,,1637,0,0,0,14,0,3,0.0
2026-01-26,02,SKO,945,760,165,,945,0,0,0,20,0,0,0.0
2026-01-26,02,SAR,277,163,108,,277,0,0,1,5,0,0,0.0
2026-01-26,02,SVA,1127,1088,0,,1127,0,0,0,39,0,0,0.0
2026-01-26,02,SAN,522,438,75,,522,0,0,0,9,0,0,0.0
2026-01-26,02,SSI,48,46,0,,48,0,0,0,2,0,0,0.0
2026-01-26,02,SAL,1100,805,268,,1100,0,0,2,23,0,2,0.0
2026-01-26,02,SMM,285,225,52,,285,0,0,0,7,0,1,0.0
2026-01-27,01,SWD,833,778,35,0.0,833,0,0,0,17,0,3,
2026-01-27,01,SWN,146,128,14,0.0,146,0,0,0,3,0,1,
2026-01-27,01,STV,150,147,0,0.0,150,0,0,0,2,0,1,
2026-01-27,01,STT,258,252,0,0.0,258,0,0,0,6,0,0,
2026-01-27,01,SKP,297,287,0,0.0,297,0,0,0,8,0,2,
2026-01-27,01,STG,94,83,7,0.0,94,0,0,0,4,0,0,
2026-01-27,01,SNW,278,271,0,0.0,278,0,0,0,5,0,2,
2026-01-27,01,STR,396,385,0,0.0,396,0,0,0,10,0,1,
2026-01-27,01,STC,340,286,39,0.0,340,0,0,0,14,0,1,
2026-01-27,01,SWA,738,595,128,0.0,738,0,0,3,11,0,1,
2026-01-27,01,SMA,543,182,342,0.0,543,0,0,13,3,2,1,
2026-01-27,01,SHC,143,140,0,0.0,143,0,0,0,3,0,0,
2026-01-27,01,SGE,328,254,61,0.0,328,0,0,4,7,0,2,
2026-01-27,01,SLI,162,122,33,0.0,162,0,0,1,5,0,1,
2026-01-27,01,STL,92,88,0,0.0,92,0,0,0,4,0,0,
2026-01-27,01,SGM,206,201,0,0.0,206,0,0,0,5,0,0,
2026-01-27,01,STE,32,22,9,0.0,32,0,0,0,1,0,0,
2026-01-27,01,SCR,210,134,66,0.0,210,0,0,2,7,0,1,
2026-01-27,01,SSA,337,253,76,0.0,337,0,0,2,5,0,1,
2026-01-27,01,SLM,515,446,55,0.0,515,0,0,0,13,1,0,
2026-01-27,01,SGU,410,366,23,0.0,410,0,4,0,15,0,2,
2026-01-27,01,SOT,1238,1109,100,0.0,1238,0,0,2,25,0,2,
2026-01-27,01,SME,998,974,1,0.0,998,0,0,0,18,0,5,
2026-01-27,01,SAP,1008,874,59,0.0,1008,0,0,2,66,0,7,
2026-01-27,02,SCC,638,530,77,,638,0,0,8,21,0,2,0.0
2026-01-27,02,SEG,943,852,64,,943,0,0,2,19,0,6,0.0
2026-01-27,02,SNP,174,98,71,,174,0,0,1,4,0,0,0.0
2026-01-27,02,SKM,57,53,0,,57,0,0,0,4,0,0,0.0
2026-01-27,02,SPC,176,114,53,,176,0,0,5,4,0,0,0.0
2026-01-27,02,SSN,243,170,65,,243,0,0,1,7,0,0,0.0
2026-01-27,02,SAE,549,532,5,,549,0,0,0,12,0,0,0.0
2026-01-27,02,SAT,301,290,0,,301,0,0,0,11,0,0,0.0
2026-01-27,02,STI,2340,2238,47,,2340,0,0,1,46,0,8,0.0
2026-01-27,02,SKO,2487,2007,423,,2487,0,2,7,44,1,3,0.0
2026-01-27,02,SAR,481,354,113,,481,0,0,4,7,0,3,0.0
2026-01-27,02,SVA,723,694,0,,723,0,0,0,26,0,3,0.0
2026-01-27,02,SAN,853,756,70,,853,0,0,1,24,0,2,0.0
2026-01-27,02,SSI,68,67,0,,68,0,0,0,1,0,0,0.0
2026-01-27,02,SAL,2396,2011,304,,2396,0,1,6,67,2,5,0.0
2026-01-27,02,SMM,827,703,98,,827,0,0,3,22,0,1,0.0
2026-01-28,01,SWD,841,791,32,0.0,841,0,0,1,14,0,3,
2026-01-28,01,SWN,143,123,16,0.0,143,0,0,0,4,0,0,
2026-01-28,01,STV,148,146,0,0.0,148,0,0,0,2,0,0,
2026-01-28,01,STT,243,239,0,0.0,243,0,0,0,4,0,0,
2026-01-28,01,SKP,301,287,0,0.0,301,0,0,0,12,0,2,
2026-01-28,01,STG,82,75,5,0.0,82,0,0,0,2,0,0,
2026-01-28,01,SNW,272,262,0,0.0,272,0,0,0,8,0,2,
2026-01-28,01,STR,425,415,0,0.0,425,0,0,0,10,0,0,
2026-01-28,01,STC,355,295,49,0.0,355,0,0,0,11,0,0,
2026-01-28,01,SWA,737,599,125,0.0,737,0,0,3,9,0,1,
2026-01-28,01,SMA,535,189,325,0.0,535,0,0,12,4,4,1,
2026-01-28,01,SHC,109,107,0,0.0,109,0,0,0,2,0,0,
2026-01-28,01,SGE,325,267,45,0.0,325,0,0,3,9,0,1,
2026-01-28,01,SLI,167,134,29,0.0,167,0,0,1,3,0,0,
2026-01-28,01,STL,97,93,0,0.0,97,0,0,0,4,0,0,
2026-01-28,01,SGM,213,205,0,0.0,213,0,0,0,7,0,1,
2026-01-28,01,STE,42,29,13,0.0,42,0,0,0,0,0,0,
2026-01-28,01,SCR,241,160,74,0.0,241,0,0,1,5,0,1,
2026-01-28,01,SSA,375,284,85,0.0,375,0,0,1,5,0,0,
2026-01-28,01,SLM,537,463,58,0.0,537,0,0,0,15,0,1,
2026-01-28,01,SGU,426,384,19,0.0,426,0,4,2,16,0,1,
2026-01-28,01,SOT,1274,1148,95,0.0,1274,0,0,2,25,0,4,
2026-01-28,01,SME,1033,1012,0,0.0,1033,0,0,0,19,0,2,
2026-01-28,01,SAP,991,866,58,0.0,991,0,0,1,61,0,5,
2026-01-28,02,SCC,644,541,69,,644,0,0,2,28,0,4,0.0
2026-01-28,02,SEG,997,916,63,,997,0,0,0,16,0,2,0.0
2026-01-28,02,SNP,197,121,73,,197,0,0,0,3,0,0,0.0
2026-01-28,02,SKM,62,60,0,,62,0,0,0,2,0,0,0.0
2026-01-28,02,SPC,184,119,59,,184,0,0,2,4,0,0,0.0
2026-01-28,02,SSN,252,177,70,,252,0,0,1,4,0,0,0.0
2026-01-28,02,SAE,561,537,8,,561,0,0,1,15,0,0,0.0
2026-01-28,02,SAT,314,304,0,,314,0,0,0,10,0,0,0.0
2026-01-28,02,STI,2233,2124,54,,2233,0,0,0,47,0,8,0.0
2026-01-28,02,SKO,2401,1945,404,,2401,0,2,5,39,0,6,0.0
2026-01-28,02,SAR,547,405,135,,547,0,0,0,7,0,0,0.0
2026-01-28,02,SVA,756,741,0,,756,0,0,0,13,0,2,0.0
2026-01-28,02,SAN,893,787,77,,893,0,0,2,25,0,2,0.0
2026-01-28,02,SSI,76,76,0,,76,0,0,0,0,0,0,0.0
2026-01-28,02,SAL,2428,2054,309,,2428,0,2,5,54,1,3,0.0
2026-01-28,02,SMM,811,693,92,,811,0,0,3,22,0,1,0.0
2026-01-29,01,SWD,855,793,39,0.0,855,0,0,0,20,0,3,
2026-01-29,01,SWN,137,116,16,0.0,137,0,0,0,5,0,0,
2026-01-29,01,STV,134,129,0,0.0,134,0,0,0,4,0,1,
2026-01-29,01,STT,251,243,0,0.0,251,0,0,0,7,0,1,
2026-01-29,01,SKP,287,279,0,0.0,287,0,0,0,8,0,0,
2026-01-29,01,STG,82,77,3,0.0,82,0,0,0,2,0,0,
2026-01-29,01,SNW,274,267,0,0.0,274,0,0,0,5,0,2,
2026-01-29,01,STR,396,385,0,0.0,396,0,0,0,10,0,1,
2026-01-29,01,STC,339,278,47,0.0,339,0,0,0,12,0,2,
2026-01-29,01,SWA,733,616,102,0.0,733,0,0,2,13,0,0,
2026-01-29,01,SMA,552,194,334,0.0,552,0,0,12,6,4,2,
2026-01-29,01,SHC,128,123,0,0.0,128,0,0,0,5,0,0,
2026-01-29,01,SGE,334,269,54,0.0,334,0,0,1,10,0,0,
2026-01-29,01,SLI,158,128,23,0.0,158,0,0,3,3,0,1,
2026-01-29,01,STL,94,89,0,0.0,94,0,0,0,5,0,0,
2026-01-29,01,SGM,206,199,0,0.0,206,0,0,0,7,0,0,
2026-01-29,01,STE,39,27,12,0.0,39,0,0,0,0,0,0,
2026-01-29,01,SCR,250,167,75,0.0,250,0,0,3,4,0,1,
2026-01-29,01,SSA,383,291,83,0.0,383,0,0,0,7,0,2,
2026-01-29,01,SLM,511,439,54,0.0,511,0,0,0,17,1,0,
2026-01-29,01,SGU,441,398,25,0.0,441,0,4,0,12,0,2,
2026-01-29,01,SOT,1317,1186,100,0.0,1317,0,0,1,25,0,5,
2026-01-29,01,SME,984,967,0,0.0,984,0,0,0,14,0,3,
2026-01-29,01,SAP,1051,919,61,0.0,1051,0,0,1,64,0,6,
2026-01-29,02,SCC,610,517,59,,610,0,0,3,27,2,2,0.0
2026-01-29,02,SEG,996,900,67,,996,0,0,1,19,1,8,0.0
2026-01-29,02,SNP,179,116,54,,179,0,0,4,3,1,1,0.0
2026-01-29,02,SKM,53,51,0,,53,0,0,0,2,0,0,0.0
2026-01-29,02,SPC,210,136,63,,210,0,0,6,5,0,0,0.0
2026-01-29,02,SSN,239,168,62,,239,0,0,2,7,0,0,0.0
2026-01-29,02,SAE,551,524,6,,551,0,0,0,21,0,0,0.0
2026-01-29,02,SAT,310,301,0,,310,0,0,0,9,0,0,0.0
2026-01-29,02,STI,2266,2157,54,,2266,0,0,0,49,0,6,0.0
2026-01-29,02,SKO,2411,1974,376,,2411,0,2,4,48,0,7,0.0
2026-01-29,02,SAR,491,367,115,,491,0,0,0,7,1,1,0.0
2026-01-29,02,SVA,766,746,0,,766,0,0,0,19,0,1,0.0
2026-01-29,02,SAN,890,793,69,,890,0,0,3,22,0,3,0.0
2026-01-29,02,SSI,72,70,0,,72,0,0,0,2,0,0,0.0
2026-01-29,02,SAL,2406,2037,305,,2406,0,2,4,51,0,7,0.0
2026-01-29,02,SMM,816,693,100,,816,0,0,3,19,0,1,0.0
2026-01-30,01,SWD,828,760,43,0.0,828,0,0,0,22,0,3,
2026-01-30,01,SWN,121,108,10,0.0,121,0,0,0,3,0,0,
2026-01-30,01,STV,149,144,0,0.0,149,0,0,0,4,0,1,
2026-01-30,01,STT,239,234,0,0.0,239,0,0,0,4,0,1,
2026-01-30,01,SKP,284,272,0,0.0,284,0,0,0,9,0,3,
2026-01-30,01,STG,89,83,3,0.0,89,0,0,0,3,0,0,
2026-01-30,01,SNW,268,260,0,0.0,268,0,0,0,8,0,0,
2026-01-30,01,STR,401,386,0,0.0,401,0,0,0,14,0,1,
2026-01-30,01,STC,332,277,44,0.0,332,0,0,0,10,0,1,
2026-01-30,01,SWA,745,598,130,0.0,745,0,0,1,16,0,0,
2026-01-30,01,SMA,610,216,380,0.0,610,0,0,8,1,4,1,
2026-01-30,01,SHC,102,100,0,0.0,102,0,0,0,2,0,0,
2026-01-30,01,SGE,312,245,57,0.0,312,0,0,4,6,0,0,
2026-01-30,01,SLI,160,125,27,0.0,160,0,0,4,2,0,2,
2026-01-30,01,STL,91,89,0,0.0,91,0,0,0,2,0,0,
2026-01-30,01,SGM,194,190,0,0.0,194,0,0,0,4,0,0,
2026-01-30,01,STE,40,27,13,0.0,40,0,0,0,0,0,0,
2026-01-30,01,SCR,242,157,73,0.0,242,0,0,3,8,0,1,
2026-01-30,01,SSA,327,237,82,0.0,327,0,0,1,4,0,3,
2026-01-30,01,SLM,492,421,55,0.0,492,0,0,0,15,1,0,
2026-01-30,01,SGU,391,339,33,0.0,391,0,4,0,13,0,2,
2026-01-30,01,SOT,1238,1094,108,0.0,1238,0,0,3,30,0,3,
2026-01-30,01,SME,974,950,0,0.0,974,0,0,0,17,0,7,
2026-01-30,01,SAP,1045,914,60,0.0,1045,0,0,0,65,0,6,
2026-01-30,02,SCC,691,568,94,,691,0,0,8,20,0,1,0.0
2026-01-30,02,SEG,944,853,66,,944,0,0,1,18,0,6,0.0
2026-01-30,02,SNP,186,120,60,,186,0,0,2,3,1,0,0.0
2026-01-30,02,SKM,50,49,0,,50,0,0,0,1,0,0,0.0
2026-01-30,02,SPC,198,128,62,,198,0,0,5,3,0,0,0.0
2026-01-30,02,SSN,247,172,70,,247,0,0,2,3,0,0,0.0
2026-01-30,02,SAE,500,475,7,,500,0,0,1,16,0,1,0.0
2026-01-30,02,SAT,285,276,0,,285,0,0,0,9,0,0,0.0
2026-01-30,02,STI,2311,2208,50,,2311,0,0,0,45,0,8,0.0
2026-01-30,02,SKO,2369,1924,380,,2369,0,2,8,49,0,6,0.0
2026-01-30,02,SAR,469,360,102,,469,0,0,0,6,0,1,0.0
2026-01-30,02,SVA,741,729,0,,741,0,0,0,11,0,1,0.0
2026-01-30,02,SAN,853,748,81,,853,0,0,3,19,0,2,0.0
2026-01-30,02,SSI,71,69,0,,71,0,0,0,2,0,0,0.0
2026-01-30,02,SAL,2360,1992,299,,2360,0,1,3,57,1,7,0.0
2026-01-30,02,SMM,829,704,100,,829,0,0,4,20,0,1,0.0
2026-01-31,01,SWD,645,592,38,0.0,645,0,0,2,11,0,2,
2026-01-31,01,SWN,94,78,14,0.0,94,0,0,0,2,0,0,
2026-01-31,01,STV,151,143,0,0.0,151,0,0,0,7,0,1,
2026-01-31,01,STT,252,247,0,0.0,252,0,0,0,4,0,1,
2026-01-31,01,SKP,261,258,0,0.0,261,0,0,0,2,0,1,
2026-01-31,01,STG,61,55,5,0.0,61,0,0,0,1,0,0,
2026-01-31,01,SNW,220,215,0,0.0,220,0,0,0,5,0,0,
2026-01-31,01,STR,298,294,0,0.0,298,0,0,0,4,0,0,
2026-01-31,01,STC,319,247,62,0.0,319,0,0,1,8,0,1,
2026-01-31,01,SWA,572,390,170,0.0,572,0,0,2,9,1,0,
2026-01-31,01,SMA,619,183,422,0.0,619,0,0,9,4,1,0,
2026-01-31,01,SHC,146,142,0,0.0,146,0,0,0,4,0,0,
2026-01-31,01,SGE,287,227,51,0.0,287,0,0,3,5,0,1,
2026-01-31,01,SLI,165,124,34,0.0,165,0,0,4,1,0,2,
2026-01-31,01,STL,81,77,0,0.0,81,0,0,0,4,0,0,
2026-01-31,01,SGM,153,149,0,0.0,153,0,0,0,4,0,0,
2026-01-31,01,STE,19,13,6,0.0,19,0,0,0,0,0,0,
2026-01-31,01,SCR,208,135,67,0.0,208,0,0,1,4,0,1,
2026-01-31,01,SSA,333,243,80,0.0,333,0,0,2,5,1,2,
2026-01-31,01,SLM,435,370,58,0.0,435,0,0,0,7,0,0,
2026-01-31,01,SGU,398,350,37,0.0,398,0,2,0,7,0,2,
2026-01-31,01,SOT,802,681,100,0.0,802,0,0,0,19,0,2,
2026-01-31,01,SME,1113,1092,1,0.0,1113,0,0,0,18,0,2,
2026-01-31,01,SAP,845,744,39,0.0,845,0,0,2,55,0,5,
2026-01-31,02,SCC,654,526,106,,654,0,0,6,15,1,0,0.0
2026-01-31,02,SEG,811,714,75,,811,0,0,0,17,0,5,0.0
2026-01-31,02,SNP,172,101,66,,172,0,0,2,1,2,0,0.0
2026-01-31,02,SKM,65,64,0,,65,0,0,0,1,0,0,0.0
2026-01-31,02,SPC,179,114,57,,179,0,0,3,5,0,0,0.0
2026-01-31,02,SSN,225,132,89,,225,0,0,0,3,1,0,0.0
2026-01-31,02,SAE,335,320,8,,335,0,0,1,6,0,0,0.0
2026-01-31,02,SAT,203,198,0,,203,0,0,0,5,0,0,0.0
2026-01-31,02,STI,1749,1684,41,,1749,0,0,0,20,0,4,0.0
2026-01-31,02,SKO,1706,1388,275,,1706,0,2,4,30,1,6,0.0
2026-01-31,02,SAR,421,261,154,,421,0,0,2,4,0,0,0.0
2026-01-31,02,SVA,1125,1094,1,,1125,0,0,0,27,0,3,0.0
2026-01-31,02,SAN,733,628,88,,733,0,0,1,15,0,1,0.0
2026-01-31,02,SSI,71,69,0,,71,0,0,0,2,0,0,0.0
2026-01-31,02,SAL,1943,1572,318,,1943,0,0,3,42,3,5,0.0
2026-01-31,02,SMM,551,458,80,,551,0,0,1,12,0,0,0.0
2026-02-01,01,SWD,351,315,26,0.0,351,0,0,4,6,0,0,
2026-02-01,01,SWN,85,71,11,0.0,85,0,0,0,3,0,0,
2026-02-01,01,STV,160,151,0,0.0,160,0,0,0,9,0,0,
2026-02-01,01,STT,194,189,0,0.0,194,0,0,0,3,0,2,
2026-02-01,01,SKP,162,160,0,0.0,162,0,0,0,2,0,0,
2026-02-01,01,STG,29,24,5,0.0,29,0,0,0,0,0,0,
2026-02-01,01,SNW,156,155,0,0.0,156,0,0,0,1,0,0,
2026-02-01,01,STR,212,209,0,0.0,212,0,0,0,3,0,0,
2026-02-01,01,STC,260,192,56,0.0,260,0,0,2,9,0,1,
2026-02-01,01,SWA,377,235,134,0.0,377,0,0,1,6,1,0,
2026-02-01,01,SMA,383,92,285,0.0,383,0,0,0,3,3,0,
2026-02-01,01,SHC,53,51,0,0.0,53,0,0,0,2,0,0,
2026-02-01,01,SGE,165,107,55,0.0,165,0,0,1,2,0,0,
2026-02-01,01,SLI,104,81,19,0.0,104,0,0,1,3,0,0,
2026-02-01,01,STL,58,56,0,0.0,58,0,0,0,2,0,0,
2026-02-01,01,SGM,72,64,0,0.0,72,0,0,0,8,0,0,
2026-02-01,01,STE,17,10,7,0.0,17,0,0,0,0,0,0,
2026-02-01,01,SCR,138,96,32,0.0,138,0,0,1,7,0,2,
2026-02-01,01,SSA,200,143,50,0.0,200,0,0,1,3,0,3,
2026-02-01,01,SLM,594,407,177,0.0,594,0,0,1,9,0,0,
2026-02-01,01,SGU,295,263,27,0.0,295,0,0,0,3,0,2,
2026-02-01,01,SOT,306,245,49,0.0,306,0,0,2,9,0,1,
2026-02-01,01,SME,710,694,0,0.0,710,0,0,0,12,0,4,
2026-02-01,01,SAP,399,366,11,0.0,399,0,0,0,15,0,7,
2026-02-01,02,SCC,501,398,90,,501,0,0,3,9,0,1,0.0
2026-02-01,02,SEG,645,562,65,,645,0,0,0,14,0,4,0.0
2026-02-01,02,SNP,112,57,54,,112,0,0,1,0,0,0,0.0
2026-02-01,02,SKM,39,38,0,,39,0,0,0,1,0,0,0.0
2026-02-01,02,SPC,110,73,35,,110,0,0,2,0,0,0,0.0
2026-02-01,02,SSN,161,89,67,,161,0,0,0,4,1,0,0.0
2026-02-01,02,SAE,190,177,6,,190,0,0,0,7,0,0,0.0
2026-02-01,02,SAT,106,104,0,,106,0,0,0,2,0,0,0.0
2026-02-01,02,STI,1455,1425,18,,1455,0,0,0,10,0,2,0.0
2026-02-01,02,SKO,929,775,136,,929,0,0,2,15,0,1,0.0
2026-02-01,02,SAR,318,202,111,,318,0,0,2,3,0,0,0.0
2026-02-01,02,SVA,1232,1200,1,,1232,0,0,0,26,0,5,0.0
2026-02-01,02,SAN,557,457,85,,557,0,0,1,11,1,2,0.0
2026-02-01,02,SSI,49,46,0,,49,0,0,0,3,0,0,0.0
2026-02-01,02,SAL,1146,894,224,,1146,0,0,4,20,0,4,0.0
2026-02-01,02,SMM,271,203,60,,271,0,0,0,8,0,0,0.0
2026-02-02,01,SWD,849,777,45,0.0,849,0,0,2,21,0,4,
2026-02-02,01,SWN,124,109,11,0.0,124,0,0,1,3,0,0,
2026-02-02,01,STV,134,134,0,0.0,134,0,0,0,0,0,0,
2026-02-02,01,STT,245,236,0,0.0,245,0,0,0,8,0,1,
2026-02-02,01,SKP,281,270,0,0.0,281,0,0,0,10,0,1,
2026-02-02,01,STG,84,76,6,0.0,84,0,0,0,2,0,0,
2026-02-02,01,SNW,295,285,1,0.0,295,0,0,0,8,0,1,
2026-02-02,01,STR,416,406,0,0.0,416,0,0,0,9,0,1,
2026-02-02,01,STC,351,299,41,0.0,351,0,0,0,10,0,1,
2026-02-02,01,SWA,721,582,119,0.0,721,0,0,1,18,0,1,
2026-02-02,01,SMA,564,175,368,0.0,564,0,0,11,6,3,1,
2026-02-02,01,SHC,110,106,0,0.0,110,0,0,0,4,0,0,
2026-02-02,01,SGE,316,254,53,0.0,316,0,0,0,8,0,1,
2026-02-02,01,SLI,155,118,27,0.0,155,0,0,4,5,0,1,
2026-02-02,01,STL,90,82,0,0.0,90,0,0,0,8,0,0,
2026-02-02,01,SGM,194,188,0,0.0,194,0,0,0,6,0,0,
2026-02-02,01,STE,30,20,10,0.0,30,0,0,0,0,0,0,
2026-02-02,01,SCR,245,152,84,0.0,245,0,0,2,6,0,1,
2026-02-02,01,SSA,310,237,67,0.0,310,0,0,2,3,0,1,
2026-02-02,01,SLM,493,426,54,0.0,493,0,0,0,13,0,0,
2026-02-02,01,SGU,414,357,38,0.0,414,0,5,1,12,0,1,
2026-02-02,01,SOT,1233,1109,101,0.0,1233,0,0,0,21,0,2,
2026-02-02,01,SME,920,895,2,0.0,920,0,0,0,20,0,3,
2026-02-02,01,SAP,1000,868,58,0.0,1000,0,0,1,69,0,4,
2026-02-02,02,SCC,654,554,69,,654,0,0,5,25,1,0,0.0
2026-02-02,02,SEG,974,870,77,,974,0,0,0,19,0,8,0.0
2026-02-02,02,SNP,165,113,44,,165,0,0,2,5,1,0,0.0
2026-02-02,02,SKM,64,62,0,,64,0,0,0,2,0,0,0.0
2026-02-02,02,SPC,187,119,60,,187,0,0,4,4,0,0,0.0
2026-02-02,02,SSN,261,177,72,,261,0,0,1,11,0,0,0.0
2026-02-02,02,SAE,537,518,3,,537,0,0,1,15,0,0,0.0
2026-02-02,02,SAT,297,284,0,,297,0,0,0,13,0,0,0.0
2026-02-02,02,STI,2293,2187,48,,2293,0,0,1,48,0,9,0.0
2026-02-02,02,SKO,2415,1962,388,,2415,0,2,8,49,0,6,0.0
2026-02-02,02,SAR,477,360,109,,477,0,0,1,7,0,0,0.0
2026-02-02,02,SVA,735,718,1,,735,0,0,0,14,0,2,0.0
2026-02-02,02,SAN,879,782,66,,879,0,0,2,28,0,1,0.0
2026-02-02,02,SSI,67,65,0,,67,0,0,0,2,0,0,0.0
2026-02-02,02,SAL,2322,1963,293,,2322,0,1,6,48,3,8,0.0
2026-02-02,02,SMM,816,709,83,,816,0,0,2,21,0,1,0.0
2026-02-03,01,SWD,874,814,39,0.0,874,0,0,1,16,0,4,
2026-02-03,01,SWN,139,125,11,0.0,139,0,0,0,3,0,0,
2026-02-03,01,STV,143,141,0,0.0,143,0,0,0,2,0,0,
2026-02-03,01,STT,243,232,0,0.0,243,0,0,0,8,0,3,
2026-02-03,01,SKP,300,289,0,0.0,300,0,0,0,9,0,2,
2026-02-03,01,STG,90,84,4,0.0,90,0,0,0,2,0,0,
2026-02-03,01,SNW,270,266,0,0.0,270,0,0,0,4,0,0,
2026-02-03,01,STR,420,412,0,0.0,420,0,0,0,7,0,1,
2026-02-03,01,STC,341,293,37,0.0,341,0,0,0,10,0,1,
2026-02-03,01,SWA,749,630,104,0.0,749,0,0,2,13,0,0,
2026-02-03,01,SMA,543,181,346,0.0,543,0,0,8,8,0,0,
2026-02-03,01,SHC,115,108,0,0.0,115,0,0,0,7,0,0,
2026-02-03,01,SGE,326,260,56,0.0,326,0,0,0,9,0,1,
2026-02-03,01,SLI,154,117,26,0.0,154,0,0,6,4,0,1,
2026-02-03,01,STL,93,91,0,0.0,93,0,0,0,2,0,0,
2026-02-03,01,SGM,227,220,0,0.0,227,0,0,0,7,0,0,
2026-02-03,01,STE,37,27,10,0.0,37,0,0,0,0,0,0,
2026-02-03,01,SCR,249,152,86,0.0,249,0,0,3,6,0,2,
2026-02-03,01,SSA,369,282,74,0.0,369,0,0,1,9,0,3,
2026-02-03,01,SLM,493,421,55,0.0,493,0,0,0,16,1,0,
2026-02-03,01,SGU,408,364,28,0.0,408,0,5,0,9,0,2,
2026-02-03,01,SOT,1242,1114,102,0.0,1242,0,0,0,23,0,3,
2026-02-03,01,SME,966,943,0,0.0,966,0,0,0,15,0,8,
2026-02-03,01,SAP,1016,884,56,0.0,1016,0,0,2,71,0,3,
2026-02-03,02,SCC,673,584,66,,673,0,0,2,21,0,0,0.0
2026-02-03,02,SEG,953,859,65,,953,0,0,0,21,0,8,0.0
2026-02-03,02,SNP,176,111,62,,176,0,0,0,2,1,0,0.0
2026-02-03,02,SKM,65,64,0,,65,0,0,0,1,0,0,0.0
2026-02-03,02,SPC,194,125,56,,194,0,0,7,6,0,0,0.0
2026-02-03,02,SSN,275,199,69,,275,0,0,1,6,0,0,0.0
2026-02-03,02,SAE,540,521,5,,540,0,0,1,13,0,0,0.0
2026-02-03,02,SAT,332,322,0,,332,0,0,0,10,0,0,0.0
2026-02-03,02,STI,2306,2190,55,,2306,0,0,1,51,0,9,0.0
2026-02-03,02,SKO,2580,2095,429,,2580,0,2,7,41,0,6,0.0
2026-02-03,02,SAR,486,381,89,,486,0,0,1,14,0,1,0.0
2026-02-03,02,SVA,710,694,0,,710,0,0,0,14,0,2,0.0
2026-02-03,02,SAN,884,791,69,,884,0,0,2,19,0,3,0.0
2026-02-03,02,SSI,79,79,0,,79,0,0,0,0,0,0,0.0
2026-02-03,02,SAL,2461,2088,302,,2461,0,2,3,56,2,8,0.0
2026-02-03,02,SMM,817,701,90,,817,0,0,2,23,0,1,0.0
2026-02-04,01,SWD,846,788,38,0.0,846,0,0,0,15,0,5,
2026-02-04,01,SWN,130,118,9,0.0,130,0,0,0,3,0,0,
2026-02-04,01,STV,129,128,0,0.0,129,0,0,0,1,0,0,
2026-02-04,01,STT,256,245,1,0.0,256,0,0,0,8,0,2,
2026-02-04,01,SKP,294,287,0,0.0,294,0,0,0,7,0,0,
2026-02-04,01,STG,91,82,6,0.0,91,0,0,0,3,0,0,
2026-02-04,01,SNW,282,274,0,0.0,282,0,0,0,7,0,1,
2026-02-04,01,STR,425,413,0,0.0,425,0,0,0,11,0,1,
2026-02-04,01,STC,345,291,45,0.0,345,0,0,1,7,0,1,
2026-02-04,01,SWA,730,607,110,0.0,730,0,0,1,11,0,1,
2026-02-04,01,SMA,576,179,380,0.0,576,0,0,9,5,1,2,
2026-02-04,01,SHC,115,112,0,0.0,115,0,0,0,3,0,0,
2026-02-04,01,SGE,310,259,42,0.0,310,0,0,0,8,0,1,
2026-02-04,01,SLI,168,126,33,0.0,168,0,0,4,4,0,1,
2026-02-04,01,STL,78,73,0,0.0,78,0,0,0,5,0,0,
2026-02-04,01,SGM,207,197,0,0.0,207,0,0,0,10,0,0,
2026-02-04,01,STE,32,21,11,0.0,32,0,0,0,0,0,0,
2026-02-04,01,SCR,238,151,73,0.0,238,0,0,3,10,0,1,
2026-02-04,01,SSA,367,264,94,0.0,367,0,0,2,5,0,2,
2026-02-04,01,SLM,508,441,53,0.0,508,0,0,0,13,1,0,
2026-02-04,01,SGU,418,371,29,0.0,418,0,5,0,12,0,1,
2026-02-04,01,SOT,1191,1069,93,0.0,1191,0,0,3,22,0,4,
2026-02-04,01,SME,939,917,0,0.0,939,0,0,1,14,0,7,
2026-02-04,01,SAP,993,853,61,0.0,993,0,0,1,75,0,3,
2026-02-04,02,SCC,662,559,79,,662,0,0,2,22,0,0,0.0
2026-02-04,02,SEG,918,833,63,,918,0,0,0,14,0,8,0.0
2026-02-04,02,SNP,190,127,59,,190,0,0,1,3,0,0,0.0
2026-02-04,02,SKM,67,66,0,,67,0,0,0,1,0,0,0.0
2026-02-04,02,SPC,192,127,48,,192,0,0,9,8,0,0,0.0
2026-02-04,02,SSN,269,195,67,,269,0,0,1,6,0,0,0.0
2026-02-04,02,SAE,541,519,4,,541,0,0,1,15,0,2,0.0
2026-02-04,02,SAT,324,314,0,,324,0,0,0,10,0,0,0.0
2026-02-04,02,STI,2279,2166,49,,2279,0,0,0,56,0,8,0.0
2026-02-04,02,SKO,2531,2071,399,,2531,0,2,5,49,0,5,0.0
2026-02-04,02,SAR,488,384,92,,488,0,0,1,11,0,0,0.0
2026-02-04,02,SVA,684,665,0,,684,0,0,0,18,0,1,0.0
2026-02-04,02,SAN,860,775,65,,860,0,0,1,17,0,2,0.0
2026-02-04,02,SSI,68,67,0,,68,0,0,0,1,0,0,0.0
2026-02-04,02,SAL,2406,2020,313,,2406,0,1,5,62,0,5,0.0
2026-02-04,02,SMM,829,715,86,,829,0,0,3,24,0,1,0.0
2026-02-05,01,SWD,856,798,35,0.0,856,0,0,0,20,0,3,
2026-02-05,01,SWN,135,122,10,0.0,135,0,0,0,3,0,0,
2026-02-05,01,STV,152,147,0,0.0,152,0,0,0,3,0,2,
2026-02-05,01,STT,261,250,0,0.0,261,0,0,0,9,0,2,
2026-02-05,01,SKP,317,305,0,0.0,317,0,0,0,10,0,2,
2026-02-05,01,STG,75,69,4,0.0,75,0,0,0,2,0,0,
2026-02-05,01,SNW,251,244,0,0.0,251,0,0,0,6,0,1,
2026-02-05,01,STR,424,415,0,0.0,424,0,0,0,8,0,1,
2026-02-05,01,STC,338,276,51,0.0,338,0,0,1,9,0,1,
2026-02-05,01,SWA,748,611,117,0.0,748,0,0,2,18,0,0,
2026-02-05,01,SMA,526,164,344,0.0,526,0,0,11,4,2,1,
2026-02-05,01,SHC,102,98,0,0.0,102,0,0,0,4,0,0,
2026-02-05,01,SGE,308,253,43,0.0,308,0,0,2,9,0,1,
2026-02-05,01,SLI,159,119,32,0.0,159,0,0,2,5,0,1,
2026-02-05,01,STL,80,79,0,0.0,80,0,0,0,1,0,0,
2026-02-05,01,SGM,221,216,0,0.0,221,0,0,0,5,0,0,
2026-02-05,01,STE,30,17,10,0.0,30,0,0,1,2,0,0,
2026-02-05,01,SCR,266,174,82,0.0,266,0,0,1,8,0,1,
2026-02-05,01,SSA,357,267,77,0.0,357,0,0,2,9,0,2,
2026-02-05,01,SLM,506,444,49,0.0,506,0,0,0,13,0,0,
2026-02-05,01,SGU,434,386,26,0.0,434,0,6,1,12,0,3,
2026-02-05,01,SOT,1237,1102,99,0.0,1237,0,0,2,29,0,5,
2026-02-05,01,SME,978,955,1,0.0,978,0,0,0,18,0,4,
2026-02-05,01,SAP,1005,889,50,0.0,1005,0,0,1,58,0,7,
2026-02-05,02,SCC,692,601,69,,692,0,0,4,18,0,0,0.0
2026-02-05,02,SEG,1000,911,65,,1000,0,0,1,14,1,8,0.0
2026-02-05,02,SNP,180,112,62,,180,0,0,4,1,1,0,0.0
2026-02-05,02,SKM,59,57,0,,59,0,0,0,2,0,0,0.0
2026-02-05,02,SPC,169,110,48,,169,0,0,9,2,0,0,0.0
2026-02-05,02,SSN,277,187,76,,277,0,0,2,12,0,0,0.0
2026-02-05,02,SAE,538,517,1,,538,0,0,1,17,0,2,0.0
2026-02-05,02,SAT,333,323,0,,333,0,0,0,10,0,0,0.0
2026-02-05,02,STI,2286,2182,38,,2286,0,0,1,57,0,8,0.0
2026-02-05,02,SKO,2497,2017,425,,2497,0,2,4,45,0,4,0.0
2026-02-05,02,SAR,534,388,133,,534,0,0,2,11,0,0,0.0
2026-02-05,02,SVA,635,625,0,,635,0,0,0,10,0,0,0.0
2026-02-05,02,SAN,868,768,75,,868,0,0,3,20,0,2,0.0
2026-02-05,02,SSI,74,72,0,,74,0,0,0,2,0,0,0.0
2026-02-05,02,SAL,2430,2065,302,,2430,0,2,10,40,1,10,0.0
2026-02-05,02,SMM,808,710,74,,808,0,0,2,21,0,1,0.0
2026-02-06,01,SWD,822,745,48,0.0,822,0,0,1,24,0,4,
2026-02-06,01,SWN,136,115,17,0.0,136,0,0,0,3,0,1,
2026-02-06,01,STV,153,150,0,0.0,153,0,0,0,3,0,0,
2026-02-06,01,STT,245,234,0,0.0,245,0,0,0,9,0,2,
2026-02-06,01,SKP,301,289,0,0.0,301,0,0,0,9,0,3,
2026-02-06,01,STG,66,61,4,0.0,66,0,0,0,1,0,0,
2026-02-06,01,SNW,271,263,0,0.0,271,0,0,0,6,0,2,
2026-02-06,01,STR,403,392,0,0.0,403,0,0,0,10,0,1,
2026-02-06,01,STC,367,304,52,0.0,367,0,0,2,8,0,1,
2026-02-06,01,SWA,680,564,99,0.0,680,0,0,0,17,0,0,
2026-02-06,01,SMA,556,185,357,0.0,556,0,0,9,2,2,1,
2026-02-06,01,SHC,104,101,0,0.0,104,0,0,0,3,0,0,
2026-02-06,01,SGE,275,225,39,0.0,275,0,0,5,5,0,1,
2026-02-06,01,SLI,156,117,26,0.0,156,0,0,4,7,1,1,
2026-02-06,01,STL,94,90,0,0.0,94,0,0,0,4,0,0,
2026-02-06,01,SGM,198,191,0,0.0,198,0,0,0,7,0,0,
2026-02-06,01,STE,33,21,12,0.0,33,0,0,0,0,0,0,
2026-02-06,01,SCR,253,168,75,0.0,253,0,0,3,5,0,2,
2026-02-06,01,SSA,335,256,67,0.0,335,0,0,2,8,0,2,
2026-02-06,01,SLM,537,478,49,0.0,537,0,0,0,10,0,0,
2026-02-06,01,SGU,468,415,33,0.0,468,0,5,0,13,0,2,
2026-02-06,01,SOT,1185,1071,83,0.0,1185,0,0,1,26,0,4,
2026-02-06,01,SME,984,962,0,0.0,984,0,0,0,16,0,6,
2026-02-06,01,SAP,1067,917,79,0.0,1067,0,0,1,66,0,4,
2026-02-06,02,SCC,689,579,85,,689,0,0,3,20,1,1,0.0
2026-02-06,02,SEG,988,877,79,,988,0,1,2,22,0,7,0.0
2026-02-06,02,SNP,195,124,67,,195,0,0,1,2,1,0,0.0
2026-02-06,02,SKM,46,45,0,,46,0,0,0,1,0,0,0.0
2026-02-06,02,SPC,179,129,41,,179,0,0,8,1,0,0,0.0
2026-02-06,02,SSN,260,179,74,,260,0,0,1,6,0,0,0.0
2026-02-06,02,SAE,517,492,9,,517,0,0,0,15,0,1,0.0
2026-02-06,02,SAT,284,271,0,,284,0,0,0,13,0,0,0.0
2026-02-06,02,STI,2252,2158,40,,2252,0,0,0,48,0,6,0.0
2026-02-06,02,SKO,2346,1935,355,,2346,0,2,5,44,0,5,0.0
2026-02-06,02,SAR,498,376,111,,498,0,0,1,10,0,0,0.0
2026-02-06,02,SVA,786,766,1,,786,0,0,0,19,0,0,0.0
2026-02-06,02,SAN,848,738,78,,848,0,0,3,26,0,3,0.0
2026-02-06,02,SSI,65,65,0,,65,0,0,0,0,0,0,0.0
2026-02-06,02,SAL,2363,1973,328,,2363,0,2,5,49,1,5,0.0
2026-02-06,02,SMM,751,648,80,,751,0,0,2,21,0,0,0.0
2026-02-07,01,SWD,607,552,39,0.0,607,0,0,0,14,0,2,
2026-02-07,01,SWN,103,94,6,0.0,103,0,0,0,2,0,1,
2026-02-07,01,STV,156,151,0,0.0,156,0,0,0,5,0,0,
2026-02-07,01,STT,229,226,0,0.0,229,0,0,0,2,0,1,
2026-02-07,01,SKP,243,236,0,0.0,243,0,0,0,1,0,6,
2026-02-07,01,STG,50,35,13,0.0,50,0,0,0,2,0,0,
2026-02-07,01,SNW,232,226,0,0.0,232,0,0,0,4,0,2,
2026-02-07,01,STR,298,292,0,0.0,298,0,0,0,6,0,0,
2026-02-07,01,STC,358,283,65,0.0,358,0,0,0,9,0,1,
2026-02-07,01,SWA,572,394,166,0.0,572,0,0,0,12,0,0,
2026-02-07,01,SMA,569,165,386,0.0,569,0,0,12,5,0,1,
2026-02-07,01,SHC,128,125,0,0.0,128,0,0,0,3,0,0,
2026-02-07,01,SGE,307,222,78,0.0,307,0,0,2,4,0,1,
2026-02-07,01,SLI,151,110,29,0.0,151,0,0,7,4,0,1,
2026-02-07,01,STL,73,68,0,0.0,73,0,0,0,5,0,0,
2026-02-07,01,SGM,151,146,0,0.0,151,0,0,0,5,0,0,
2026-02-07,01,STE,23,15,7,0.0,23,0,0,0,1,0,0,
2026-02-07,01,SCR,221,162,50,0.0,221,0,0,3,6,0,0,
2026-02-07,01,SSA,257,178,68,0.0,257,0,0,1,8,0,2,
2026-02-07,01,SLM,468,393,63,0.0,468,0,0,1,11,0,0,
2026-02-07,01,SGU,422,379,34,0.0,422,0,2,0,7,0,0,
2026-02-07,01,SOT,665,568,76,0.0,665,0,0,2,19,0,0,
2026-02-07,01,SME,1153,1134,0,0.0,1153,0,0,0,18,0,1,
2026-02-07,01,SAP,813,723,29,0.0,813,0,0,1,56,0,4,
2026-02-07,02,SCC,607,528,64,,607,0,0,0,14,0,1,0.0
2026-02-07,02,SEG,859,760,79,,859,0,0,0,11,1,8,0.0
2026-02-07,02,SNP,177,92,76,,177,0,0,2,6,1,0,0.0
2026-02-07,02,SKM,51,51,0,,51,0,0,0,0,0,0,0.0
2026-02-07,02,SPC,152,101,43,,152,0,0,4,4,0,0,0.0
2026-02-07,02,SSN,214,135,71,,214,0,0,0,8,0,0,0.0
2026-02-07,02,SAE,334,317,7,,334,0,0,0,9,1,0,0.0
2026-02-07,02,SAT,206,203,0,,206,0,0,0,3,0,0,0.0
2026-02-07,02,STI,1776,1711,40,,1776,0,0,0,20,0,5,0.0
2026-02-07,02,SKO,1731,1420,275,,1731,0,2,2,27,0,5,0.0
2026-02-07,02,SAR,395,251,141,,395,0,0,0,3,0,0,0.0
2026-02-07,02,SVA,1045,1029,0,,1045,0,0,0,15,0,1,0.0
2026-02-07,02,SAN,799,681,95,,799,0,0,1,22,0,0,0.0
2026-02-07,02,SSI,65,64,0,,65,0,0,0,1,0,0,0.0
2026-02-07,02,SAL,1952,1530,365,,1952,0,1,5,42,2,7,0.0
2026-02-07,02,SMM,558,437,99,,558,0,0,1,20,0,1,0.0
2026-02-08,01,SWD,330,297,22,0.0,330,0,0,2,9,0,0,
2026-02-08,01,SWN,74,61,11,0.0,74,0,0,0,2,0,0,
2026-02-08,01,STV,153,147,0,0.0,153,0,0,0,6,0,0,
2026-02-08,01,STT,210,207,0,0.0,210,0,0,0,3,0,0,
2026-02-08,01,SKP,170,165,0,0.0,170,0,0,0,4,0,1,
2026-02-08,01,STG,43,32,10,0.0,43,0,0,0,1,0,0,
2026-02-08,01,SNW,163,161,0,0.0,163,0,0,0,2,0,0,
2026-02-08,01,STR,187,182,0,0.0,187,0,0,0,5,0,0,
2026-02-08,01,STC,290,209,70,0.0,290,0,0,2,9,0,0,
2026-02-08,01,SWA,423,257,159,0.0,423,0,0,0,7,0,0,
2026-02-08,01,SMA,391,100,286,0.0,391,0,0,2,3,0,0,
2026-02-08,01,SHC,45,44,0,0.0,45,0,0,0,1,0,0,
2026-02-08,01,SGE,205,152,49,0.0,205,0,0,0,4,0,0,
2026-02-08,01,SLI,109,81,23,0.0,109,0,0,1,4,0,0,
2026-02-08,01,STL,67,66,0,0.0,67,0,0,0,1,0,0,
2026-02-08,01,SGM,119,116,0,0.0,119,0,0,0,3,0,0,
2026-02-08,01,STE,14,9,4,0.0,14,0,0,0,1,0,0,
2026-02-08,01,SCR,143,108,30,0.0,143,0,0,1,4,0,0,
2026-02-08,01,SSA,212,153,53,0.0,212,0,0,0,3,0,3,
2026-02-08,01,SLM,545,369,163,0.0,545,0,0,2,11,0,0,
2026-02-08,01,SGU,325,297,18,0.0,325,0,0,0,9,0,1,
2026-02-08,01,SOT,267,214,47,0.0,267,0,0,0,6,0,0,
2026-02-08,01,SME,863,831,0,0.0,863,0,0,0,29,0,3,
2026-02-08,01,SAP,416,382,15,0.0,416,0,0,1,17,0,1,
2026-02-08,02,SCC,509,409,87,,509,0,0,2,9,1,1,0.0
2026-02-08,02,SEG,745,670,65,,745,0,0,2,8,0,0,0.0
2026-02-08,02,SNP,129,74,51,,129,0,0,0,4,0,0,0.0
2026-02-08,02,SKM,24,24,0,,24,0,0,0,0,0,0,0.0
2026-02-08,02,SPC,89,58,24,,89,0,0,4,3,0,0,0.0
2026-02-08,02,SSN,170,102,66,,170,0,0,1,1,0,0,0.0
2026-02-08,02,SAE,203,195,3,,203,0,0,0,5,0,0,0.0
2026-02-08,02,SAT,114,108,0,,114,0,0,0,6,0,0,0.0
2026-02-08,02,STI,1396,1361,18,,1396,0,0,0,14,0,3,0.0
2026-02-08,02,SKO,875,728,124,,875,0,0,0,23,0,0,0.0
2026-02-08,02,SAR,345,215,122,,345,0,0,0,5,0,3,0.0
2026-02-08,02,SVA,1098,1076,0,,1098,0,0,0,22,0,0,0.0
2026-02-08,02,SAN,512,432,66,,512,0,0,2,12,0,0,0.0
2026-02-08,02,SSI,47,47,0,,47,0,0,0,0,0,0,0.0
2026-02-08,02,SAL,1171,918,220,,1171,0,0,2,22,3,6,0.0
2026-02-08,02,SMM,263,193,59,,263,0,0,0,10,0,1,0.0
2026-02-09,01,SWD,806,739,47,0.0,806,0,0,0,16,0,4,
2026-02-09,01,SWN,142,129,10,0.0,142,0,0,0,3,0,0,
2026-02-09,01,STV,132,126,0,0.0,132,0,0,0,5,0,1,
2026-02-09,01,STT,235,232,0,0.0,235,0,0,0,3,0,0,
2026-02-09,01,SKP,302,292,0,0.0,302,0,0,0,8,0,2,
2026-02-09,01,STG,68,59,7,0.0,68,0,0,0,2,0,0,
2026-02-09,01,SNW,263,258,0,0.0,263,0,0,0,4,0,1,
2026-02-09,01,STR,403,392,0,0.0,403,0,0,0,10,0,1,
2026-02-09,01,STC,340,291,36,0.0,340,0,0,1,11,0,1,
2026-02-09,01,SWA,753,619,123,0.0,753,0,0,0,11,0,0,
2026-02-09,01,SMA,519,169,332,0.0,519,0,0,10,3,4,1,
2026-02-09,01,SHC,100,98,0,0.0,100,0,0,0,2,0,0,
2026-02-09,01,SGE,321,245,63,0.0,321,0,0,3,9,0,1,
2026-02-09,01,SLI,183,139,32,0.0,183,0,0,5,5,0,2,
2026-02-09,01,STL,93,90,0,0.0,93,0,0,0,3,0,0,
2026-02-09,01,SGM,196,190,0,0.0,196,0,0,0,6,0,0,
2026-02-09,01,STE,29,23,6,0.0,29,0,0,0,0,0,0,
2026-02-09,01,SCR,251,159,80,0.0,251,0,0,4,7,0,1,
2026-02-09,01,SSA,353,268,70,0.0,353,0,0,4,8,0,3,
2026-02-09,01,SLM,505,443,52,0.0,505,0,0,0,10,0,0,
2026-02-09,01,SGU,434,388,31,0.0,434,0,5,0,10,0,0,
2026-02-09,01,SOT,1221,1089,100,0.0,1221,0,0,1,28,0,3,
2026-02-09,01,SME,960,936,0,0.0,960,0,0,0,18,0,6,
2026-02-09,01,SAP,1022,912,44,0.0,1022,0,0,3,59,0,4,
2026-02-09,02,SCC,671,556,92,,671,0,0,7,16,0,0,0.0
2026-02-09,02,SEG,1014,918,72,,1014,0,1,2,17,0,4,0.0
2026-02-09,02,SNP,170,109,53,,170,0,0,2,6,0,0,0.0
2026-02-09,02,SKM,55,53,0,,55,0,0,0,2,0,0,0.0
2026-02-09,02,SPC,187,118,60,,187,0,0,4,5,0,0,0.0
2026-02-09,02,SSN,256,176,71,,256,0,0,3,6,0,0,0.0
2026-02-09,02,SAE,534,511,7,,534,0,0,0,16,0,0,0.0
2026-02-09,02,SAT,301,291,0,,301,0,0,0,10,0,0,0.0
2026-02-09,02,STI,2321,2211,53,,2321,0,0,1,48,0,8,0.0
2026-02-09,02,SKO,2494,2040,403,,2494,0,2,3,39,0,7,0.0
2026-02-09,02,SAR,526,396,118,,526,0,0,0,11,0,1,0.0
2026-02-09,02,SVA,714,691,0,,714,0,0,0,19,0,4,0.0
2026-02-09,02,SAN,855,762,67,,855,0,0,4,20,0,2,0.0
2026-02-09,02,SSI,60,58,0,,60,0,0,0,2,0,0,0.0
2026-02-09,02,SAL,2390,2018,292,,2390,0,1,6,66,1,6,0.0
2026-02-09,02,SMM,825,717,86,,825,0,0,2,18,0,2,0.0
2026-02-10,01,SWD,874,800,45,0.0,874,0,0,0,25,0,4,
2026-02-10,01,SWN,154,135,13,0.0,154,0,0,0,4,0,2,
2026-02-10,01,STV,135,132,0,0.0,135,0,0,0,2,0,1,
2026-02-10,01,STT,227,216,0,0.0,227,0,0,0,8,0,3,
2026-02-10,01,SKP,286,277,0,0.0,286,0,0,0,7,0,2,
2026-02-10,01,STG,88,77,9,0.0,88,0,0,0,2,0,0,
2026-02-10,01,SNW,270,266,0,0.0,270,0,0,0,4,0,0,
2026-02-10,01,STR,407,395,0,0.0,407,0,0,0,11,0,1,
2026-02-10,01,STC,341,293,36,0.0,341,0,0,0,11,0,1,
2026-02-10,01,SWA,783,642,127,0.0,783,0,0,0,13,0,1,
2026-02-10,01,SMA,537,190,326,0.0,537,0,0,11,5,3,2,
2026-02-10,01,SHC,125,118,0,0.0,125,0,0,0,7,0,0,
2026-02-10,01,SGE,343,282,45,0.0,343,0,0,2,13,0,1,
2026-02-10,01,SLI,161,124,28,0.0,161,0,0,4,3,1,1,
2026-02-10,01,STL,81,79,0,0.0,81,0,0,0,2,0,0,
2026-02-10,01,SGM,221,216,0,0.0,221,0,0,0,5,0,0,
2026-02-10,01,STE,32,24,8,0.0,32,0,0,0,0,0,0,
2026-02-10,01,SCR,247,166,73,0.0,247,0,0,2,5,0,1,
2026-02-10,01,SSA,358,280,67,0.0,358,0,0,2,7,0,2,
2026-02-10,01,SLM,504,439,48,0.0,504,0,0,1,16,0,0,
2026-02-10,01,SGU,417,366,33,0.0,417,0,5,2,11,0,0,
2026-02-10,01,SOT,1255,1120,106,0.0,1255,0,0,1,24,0,4,
2026-02-10,01,SME,953,929,0,0.0,953,0,0,0,18,0,6,
2026-02-10,01,SAP,1038,901,64,0.0,1038,0,0,3,62,1,7,
2026-02-10,02,SCC,692,593,69,,692,0,0,3,25,1,1,0.0
2026-02-10,02,SEG,981,899,58,,981,0,0,2,15,0,7,0.0
2026-02-10,02,SNP,194,130,59,,194,0,0,2,2,1,0,0.0
2026-02-10,02,SKM,54,52,0,,54,0,0,0,2,0,0,0.0
2026-02-10,02,SPC,181,123,49,,181,0,0,4,5,0,0,0.0
2026-02-10,02,SSN,274,200,69,,274,0,0,1,4,0,0,0.0
2026-02-10,02,SAE,557,536,4,,557,0,0,0,17,0,0,0.0
2026-02-10,02,SAT,319,302,0,,319,0,0,0,17,0,0,0.0
2026-02-10,02,STI,2420,2305,51,,2420,0,0,1,54,0,9,0.0
2026-02-10,02,SKO,2622,2140,431,,2622,0,2,3,38,1,7,0.0
2026-02-10,02,SAR,539,417,110,,539,0,0,1,10,0,1,0.0
2026-02-10,02,SVA,747,721,0,,747,0,0,0,25,0,1,0.0
2026-02-10,02,SAN,877,792,63,,877,0,0,4,16,0,2,0.0
2026-02-10,02,SSI,72,70,0,,72,0,0,0,2,0,0,0.0
2026-02-10,02,SAL,2524,2147,305,,2524,0,2,6,55,2,7,0.0
2026-02-10,02,SMM,866,733,106,,866,0,0,1,25,0,1,0.0
2026-02-11,01,SWD,821,761,37,0.0,821,0,0,0,20,0,3,
2026-02-11,01,SWN,171,152,15,0.0,171,0,0,1,3,0,0,
2026-02-11,01,STV,126,124,0,0.0,126,0,0,0,1,0,1,
2026-02-11,01,STT,225,224,0,0.0,225,0,0,0,1,0,0,
2026-02-11,01,SKP,289,281,0,0.0,289,0,0,0,5,0,3,
2026-02-11,01,STG,97,84,11,0.0,97,0,0,0,2,0,0,
2026-02-11,01,SNW,292,285,0,0.0,292,0,0,0,6,0,1,
2026-02-11,01,STR,409,403,0,0.0,409,0,0,0,5,0,1,
2026-02-11,01,STC,350,303,37,0.0,350,0,0,1,8,0,1,
2026-02-11,01,SWA,744,617,112,0.0,744,0,0,1,14,0,0,
2026-02-11,01,SMA,572,184,357,0.0,572,0,0,15,10,4,2,
2026-02-11,01,SHC,111,108,0,0.0,111,0,0,0,3,0,0,
2026-02-11,01,SGE,338,277,50,0.0,338,0,0,3,7,0,1,
2026-02-11,01,SLI,163,120,31,0.0,163,0,0,5,5,0,2,
2026-02-11,01,STL,100,98,0,0.0,100,0,0,0,2,0,0,
2026-02-11,01,SGM,204,195,0,0.0,204,0,0,0,9,0,0,
2026-02-11,01,STE,39,28,10,0.0,39,0,0,1,0,0,0,
2026-02-11,01,SCR,247,163,76,0.0,247,0,0,1,6,0,1,
2026-02-11,01,SSA,385,288,85,0.0,385,0,0,2,7,0,3,
2026-02-11,01,SLM,504,439,50,0.0,504,0,0,2,12,0,1,
2026-02-11,01,SGU,356,315,26,0.0,356,0,5,1,9,0,0,
2026-02-11,01,SOT,1269,1131,105,0.0,1269,0,0,2,28,0,3,
2026-02-11,01,SME,930,904,0,0.0,930,0,0,0,20,0,6,
2026-02-11,01,SAP,1023,906,50,0.0,1023,0,0,0,64,0,3,
2026-02-11,02,SCC,660,565,61,,660,0,0,5,28,1,0,0.0
2026-02-11,02,SEG,991,893,73,,991,0,0,1,15,0,9,0.0
2026-02-11,02,SNP,194,121,66,,194,0,0,3,3,1,0,0.0
2026-02-11,02,SKM,54,53,0,,54,0,0,0,1,0,0,0.0
2026-02-11,02,SPC,195,132,57,,195,0,0,2,4,0,0,0.0
2026-02-11,02,SSN,274,201,66,,274,0,0,2,5,0,0,0.0
2026-02-11,02,SAE,573,545,11,,573,0,0,1,15,0,1,0.0
2026-02-11,02,SAT,321,311,0,,321,0,0,0,10,0,0,0.0
2026-02-11,02,STI,2387,2275,44,,2387,0,0,1,60,0,7,0.0
2026-02-11,02,SKO,2464,2005,400,,2464,0,2,3,48,0,6,0.0
2026-02-11,02,SAR,517,397,110,,517,0,0,1,9,0,0,0.0
2026-02-11,02,SVA,732,706,0,,732,0,0,0,24,0,2,0.0
2026-02-11,02,SAN,879,771,81,,879,0,0,3,21,0,3,0.0
2026-02-11,02,SSI,65,65,0,,65,0,0,0,0,0,0,0.0
2026-02-11,02,SAL,2468,2088,314,,2468,0,2,4,53,1,6,0.0
2026-02-11,02,SMM,854,729,97,,854,0,0,1,26,0,1,0.0
2026-02-12,01,SWD,876,817,38,0.0,876,0,0,0,17,0,4,
2026-02-12,01,SWN,156,136,14,0.0,156,0,0,0,6,0,0,
2026-02-12,01,STV,138,137,0,0.0,138,0,0,0,1,0,0,
2026-02-12,01,STT,231,225,0,0.0,231,0,0,0,5,0,1,
2026-02-12,01,SKP,291,282,0,0.0,291,0,0,0,7,0,2,
2026-02-12,01,STG,93,81,9,0.0,93,0,0,0,3,0,0,
2026-02-12,01,SNW,284,280,0,0.0,284,0,0,0,4,0,0,
2026-02-12,01,STR,418,412,0,0.0,418,0,0,0,5,0,1,
2026-02-12,01,STC,368,314,40,0.0,368,0,0,0,13,0,1,
2026-02-12,01,SWA,736,616,105,0.0,736,0,0,0,15,0,0,
2026-02-12,01,SMA,517,172,329,0.0,517,0,0,9,5,1,1,
2026-02-12,01,SHC,117,111,0,0.0,117,0,0,0,6,0,0,
2026-02-12,01,SGE,333,260,60,0.0,333,0,0,4,8,0,1,
2026-02-12,01,SLI,167,130,28,0.0,167,0,0,4,4,0,1,
2026-02-12,01,STL,98,95,0,0.0,98,0,0,0,3,0,0,
2026-02-12,01,SGM,206,201,0,0.0,206,0,0,0,5,0,0,
2026-02-12,01,STE,34,24,10,0.0,34,0,0,0,0,0,0,
2026-02-12,01,SCR,241,158,73,0.0,241,0,0,2,6,0,2,
2026-02-12,01,SSA,343,263,67,0.0,343,0,0,3,9,0,1,
2026-02-12,01,SLM,513,442,53,0.0,513,0,0,0,17,0,1,
2026-02-12,01,SGU,391,340,31,0.0,391,0,5,0,14,0,1,
2026-02-12,01,SOT,1240,1135,82,0.0,1240,0,0,1,19,0,3,
2026-02-12,01,SME,968,944,0,0.0,968,0,0,0,20,0,4,
2026-02-12,01,SAP,995,873,54,0.0,995,0,0,2,63,0,3,
2026-02-12,02,SCC,707,612,69,,707,0,0,5,20,1,0,0.0
2026-02-12,02,SEG,975,865,76,,975,0,0,1,24,0,9,0.0
2026-02-12,02,SNP,201,122,72,,201,0,0,2,5,0,0,0.0
2026-02-12,02,SKM,66,63,0,,66,0,0,0,3,0,0,0.0
2026-02-12,02,SPC,186,124,57,,186,0,0,4,1,0,0,0.0
2026-02-12,02,SSN,258,185,64,,258,0,0,1,8,0,0,0.0
2026-02-12,02,SAE,549,526,4,,549,0,0,0,18,0,1,0.0
2026-02-12,02,SAT,322,308,1,,322,0,0,0,13,0,0,0.0
2026-02-12,02,STI,2409,2286,58,,2409,0,0,0,58,0,7,0.0
2026-02-12,02,SKO,2506,2057,389,,2506,0,2,5,46,1,6,0.0
2026-02-12,02,SAR,529,397,116,,529,0,0,0,15,0,1,0.0
2026-02-12,02,SVA,713,696,2,,713,0,0,0,14,0,1,0.0
2026-02-12,02,SAN,865,765,68,,865,0,0,3,24,0,5,0.0
2026-02-12,02,SSI,56,55,0,,56,0,0,0,1,0,0,0.0
2026-02-12,02,SAL,2443,2066,313,,2443,0,2,3,54,1,4,0.0
2026-02-12,02,SMM,812,689,96,,812,0,0,1,25,0,1,0.0
2026-02-13,01,SWD,897,820,52,0.0,897,0,0,0,20,0,5,
2026-02-13,01,SWN,144,129,12,0.0,144,0,0,0,3,0,0,
2026-02-13,01,STV,142,140,0,0.0,142,0,0,0,1,0,1,
2026-02-13,01,STT,234,227,0,0.0,234,0,0,0,6,0,1,
2026-02-13,01,SKP,284,273,0,0.0,284,0,0,0,10,0,1,
2026-02-13,01,STG,65,59,5,0.0,65,0,0,0,1,0,0,
2026-02-13,01,SNW,270,266,0,0.0,270,0,0,0,3,0,1,
2026-02-13,01,STR,410,401,0,0.0,410,0,0,0,9,0,0,
2026-02-13,01,STC,367,308,46,0.0,367,0,0,2,10,0,1,
2026-02-13,01,SWA,712,586,113,0.0,712,0,0,3,10,0,0,
2026-02-13,01,SMA,564,201,345,0.0,564,0,0,14,4,0,0,
2026-02-13,01,SHC,121,116,0,0.0,121,0,0,0,5,0,0,
2026-02-13,01,SGE,373,297,57,0.0,373,0,0,6,12,0,1,
2026-02-13,01,SLI,186,145,30,0.0,186,0,0,7,2,0,2,
2026-02-13,01,STL,98,94,0,0.0,98,0,0,0,4,0,0,
2026-02-13,01,SGM,212,207,0,0.0,212,0,0,0,5,0,0,
2026-02-13,01,STE,34,26,8,0.0,34,0,0,0,0,0,0,
2026-02-13,01,SCR,242,158,75,0.0,242,0,0,3,5,0,1,
2026-02-13,01,SSA,358,279,70,0.0,358,0,0,2,6,0,1,
2026-02-13,01,SLM,512,437,61,0.0,512,0,0,1,12,0,1,
2026-02-13,01,SGU,434,386,29,0.0,434,0,5,0,14,0,0,
2026-02-13,01,SOT,1231,1104,92,0.0,1231,0,0,1,32,0,2,
2026-02-13,01,SME,1035,1004,0,0.0,1035,0,0,0,25,0,6,
2026-02-13,01,SAP,1077,961,51,0.0,1077,0,0,2,60,0,3,
2026-02-13,02,SCC,732,623,86,,732,0,0,5,18,0,0,0.0
2026-02-13,02,SEG,970,844,95,,970,0,1,1,18,0,10,0.0
2026-02-13,02,SNP,209,131,75,,209,0,0,2,1,0,0,0.0
2026-02-13,02,SKM,56,54,0,,56,0,0,0,2,0,0,0.0
2026-02-13,02,SPC,172,122,45,,172,0,0,3,2,0,0,0.0
2026-02-13,02,SSN,249,164,77,,249,0,0,1,7,0,0,0.0
2026-02-13,02,SAE,520,500,2,,520,0,0,0,18,0,0,0.0
2026-02-13,02,SAT,301,291,0,,301,0,0,0,10,0,0,0.0
2026-02-13,02,STI,2381,2265,57,,2381,0,0,0,51,0,8,0.0
2026-02-13,02,SKO,2350,1916,376,,2350,0,2,2,47,0,7,0.0
2026-02-13,02,SAR,499,377,109,,499,0,0,3,9,0,1,0.0
2026-02-13,02,SVA,875,857,0,,875,0,0,0,18,0,0,0.0
2026-02-13,02,SAN,852,753,74,,852,0,0,3,21,0,1,0.0
2026-02-13,02,SSI,74,72,0,,74,0,0,0,2,0,0,0.0
2026-02-13,02,SAL,2421,2003,347,,2421,0,2,5,58,1,5,0.0
2026-02-13,02,SMM,796,681,88,,796,0,0,2,24,0,1,0.0
2026-02-14,01,SWD,580,533,28,0.0,580,0,0,1,16,0,2,
2026-02-14,01,SWN,91,81,8,0.0,91,0,0,0,2,0,0,
2026-02-14,01,STV,164,156,0,0.0,164,0,0,0,7,0,1,
2026-02-14,01,STT,228,222,0,0.0,228,0,0,0,6,0,0,
2026-02-14,01,SKP,206,199,0,0.0,206,0,0,0,6,0,1,
2026-02-14,01,STG,50,41,7,0.0,50,0,0,0,2,0,0,
2026-02-14,01,SNW,221,217,1,0.0,221,0,0,0,3,0,0,
2026-02-14,01,STR,287,277,0,0.0,287,0,0,0,10,0,0,
2026-02-14,01,STC,354,283,59,0.0,354,0,0,1,11,0,0,
2026-02-14,01,SWA,546,368,167,0.0,546,0,0,3,8,0,0,
2026-02-14,01,SMA,611,156,441,0.0,611,0,0,14,0,0,0,
2026-02-14,01,SHC,163,162,0,0.0,163,0,0,0,1,0,0,
2026-02-14,01,SGE,323,240,67,0.0,323,0,0,2,14,0,0,
2026-02-14,01,SLI,167,127,30,0.0,167,0,0,5,4,0,1,
2026-02-14,01,STL,91,90,0,0.0,91,0,0,0,1,0,0,
2026-02-14,01,SGM,151,146,0,0.0,151,0,0,0,5,0,0,
2026-02-14,01,STE,25,20,5,0.0,25,0,0,0,0,0,0,
2026-02-14,01,SCR,282,187,86,0.0,282,0,0,4,4,0,1,
2026-02-14,01,SSA,318,201,111,0.0,318,0,0,1,4,0,1,
2026-02-14,01,SLM,458,371,75,0.0,458,0,0,2,10,0,0,
2026-02-14,01,SGU,454,402,39,0.0,454,0,0,0,11,0,2,
2026-02-14,01,SOT,639,495,130,0.0,639,0,0,2,11,0,1,
2026-02-14,01,SME,1179,1146,0,0.0,1179,0,0,0,29,0,4,
2026-02-14,01,SAP,774,687,38,0.0,774,0,0,0,46,0,3,
2026-02-14,02,SCC,756,647,88,,756,0,0,5,16,0,0,0.0
2026-02-14,02,SEG,875,772,85,,875,0,1,0,12,1,4,0.0
2026-02-14,02,SNP,196,114,75,,196,0,0,1,5,1,0,0.0
2026-02-14,02,SKM,55,53,0,,55,0,0,0,2,0,0,0.0
2026-02-14,02,SPC,183,102,70,,183,0,0,6,5,0,0,0.0
2026-02-14,02,SSN,248,148,88,,248,0,0,0,12,0,0,0.0
2026-02-14,02,SAE,290,277,5,,290,0,0,2,5,1,0,0.0
2026-02-14,02,SAT,178,173,0,,178,0,0,0,5,0,0,0.0
2026-02-14,02,STI,1971,1900,46,,1971,0,0,1,21,0,3,0.0
2026-02-14,02,SKO,1698,1304,356,,1698,0,2,7,26,1,2,0.0
2026-02-14,02,SAR,436,275,143,,436,0,0,4,12,1,1,0.0
2026-02-14,02,SVA,1398,1368,1,,1398,0,0,0,27,0,2,0.0
2026-02-14,02,SAN,823,701,103,,823,0,0,2,17,0,0,0.0
2026-02-14,02,SSI,76,74,0,,76,0,0,0,2,0,0,0.0
2026-02-14,02,SAL,1979,1544,375,,1979,0,1,3,51,1,4,0.0
2026-02-14,02,SMM,510,400,100,,510,0,0,0,10,0,0,0.0
2026-02-15,01,SWD,369,334,25,0.0,369,0,0,1,8,0,1,
2026-02-15,01,SWN,60,51,8,0.0,60,0,0,0,1,0,0,
2026-02-15,01,STV,141,138,0,0.0,141,0,0,0,3,0,0,
2026-02-15,01,STT,206,197,0,0.0,206,0,0,0,9,0,0,
2026-02-15,01,SKP,138,132,0,0.0,138,0,0,0,3,0,3,
2026-02-15,01,STG,36,25,11,0.0,36,0,0,0,0,0,0,
2026-02-15,01,SNW,132,126,0,0.0,132,0,0,0,6,0,0,
2026-02-15,01,STR,185,178,0,0.0,185,0,0,0,7,0,0,
2026-02-15,01,STC,208,156,46,0.0,208,0,0,1,5,0,0,
2026-02-15,01,SWA,410,238,162,0.0,410,0,0,1,9,0,0,
2026-02-15,01,SMA,369,78,286,0.0,369,0,0,3,2,0,0,
2026-02-15,01,SHC,55,52,0,0.0,55,0,0,0,3,0,0,
2026-02-15,01,SGE,169,128,40,0.0,169,0,0,0,1,0,0,
2026-02-15,01,SLI,96,68,25,0.0,96,0,0,0,3,0,0,
2026-02-15,01,STL,55,55,0,0.0,55,0,0,0,0,0,0,
2026-02-15,01,SGM,68,66,0,0.0,68,0,0,0,2,0,0,
2026-02-15,01,STE,12,9,3,0.0,12,0,0,0,0,0,0,
2026-02-15,01,SCR,143,104,34,0.0,143,0,0,1,4,0,0,
2026-02-15,01,SSA,176,112,61,0.0,176,0,0,0,3,0,0,
2026-02-15,01,SLM,531,367,157,0.0,531,0,0,0,7,0,0,
2026-02-15,01,SGU,294,259,29,0.0,294,0,0,0,5,0,1,
2026-02-15,01,SOT,293,224,64,0.0,293,0,0,2,3,0,0,
2026-02-15,01,SME,741,720,0,0.0,741,0,0,0,19,0,2,
2026-02-15,01,SAP,429,386,12,0.0,429,0,0,0,29,0,2,
2026-02-15,02,SCC,501,395,92,,501,0,0,0,14,0,0,0.0
2026-02-15,02,SEG,619,507,89,,619,0,0,1,16,2,4,0.0
2026-02-15,02,SNP,134,65,66,,134,0,0,1,2,0,0,0.0
2026-02-15,02,SKM,28,28,0,,28,0,0,0,0,0,0,0.0
2026-02-15,02,SPC,97,55,40,,97,0,0,1,1,0,0,0.0
2026-02-15,02,SSN,150,79,65,,150,0,0,0,6,0,0,0.0
2026-02-15,02,SAE,203,189,7,,203,0,0,0,7,0,0,0.0
2026-02-15,02,SAT,114,110,0,,114,0,0,0,4,0,0,0.0
2026-02-15,02,STI,1437,1399,25,,1437,0,0,0,11,0,2,0.0
2026-02-15,02,SKO,957,739,193,,957,0,0,2,22,0,1,0.0
2026-02-15,02,SAR,299,192,101,,299,0,0,2,3,1,0,0.0
2026-02-15,02,SVA,1062,1030,0,,1062,0,0,0,30,0,2,0.0
2026-02-15,02,SAN,561,458,85,,561,0,0,2,12,1,3,0.0
2026-02-15,02,SSI,45,45,0,,45,0,0,0,0,0,0,0.0
2026-02-15,02,SAL,1238,926,277,,1238,0,0,4,27,1,3,0.0
2026-02-15,02,SMM,289,208,75,,289,0,0,0,5,0,1,0.0
2026-02-16,01,SWD,804,743,36,0.0,804,0,0,0,20,0,5,
2026-02-16,01,SWN,128,106,15,0.0,128,0,0,0,6,0,1,
2026-02-16,01,STV,140,138,0,0.0,140,0,0,0,1,0,1,
2026-02-16,01,STT,236,229,0,0.0,236,0,0,0,6,0,1,
2026-02-16,01,SKP,302,293,0,0.0,302,0,0,0,6,0,3,
2026-02-16,01,STG,72,62,9,0.0,72,0,0,0,1,0,0,
2026-02-16,01,SNW,288,281,0,0.0,288,0,0,0,6,0,1,
2026-02-16,01,STR,395,389,0,0.0,395,0,0,0,5,0,1,
2026-02-16,01,STC,320,275,36,0.0,320,0,0,0,8,0,1,
2026-02-16,01,SWA,727,578,134,0.0,727,0,0,3,12,0,0,
2026-02-16,01,SMA,522,173,329,0.0,522,0,0,13,6,0,1,
2026-02-16,01,SHC,99,95,0,0.0,99,0,0,0,4,0,0,
2026-02-16,01,SGE,285,218,55,0.0,285,0,0,3,8,0,1,
2026-02-16,01,SLI,158,126,26,0.0,158,0,0,4,1,0,1,
2026-02-16,01,STL,92,89,0,0.0,92,0,0,0,2,0,1,
2026-02-16,01,SGM,201,192,0,0.0,201,0,0,0,9,0,0,
2026-02-16,01,STE,34,26,8,0.0,34,0,0,0,0,0,0,
2026-02-16,01,SCR,212,139,63,0.0,212,0,0,3,5,0,2,
2026-02-16,01,SSA,342,259,76,0.0,342,0,0,1,6,0,0,
2026-02-16,01,SLM,520,451,53,0.0,520,0,0,0,16,0,0,
2026-02-16,01,SGU,401,355,25,0.0,401,0,5,0,14,0,2,
2026-02-16,01,SOT,1239,1105,105,0.0,1239,0,0,1,25,0,3,
2026-02-16,01,SME,949,930,0,0.0,949,0,0,0,11,0,8,
2026-02-16,01,SAP,1031,919,49,0.0,1031,0,0,2,56,0,5,
2026-02-16,02,SCC,767,658,87,,767,0,0,3,19,0,0,0.0
2026-02-16,02,SEG,1052,934,94,,1052,0,1,0,18,0,5,0.0
2026-02-16,02,SNP,179,116,57,,179,0,0,1,4,1,0,0.0
2026-02-16,02,SKM,59,56,0,,59,0,0,0,3,0,0,0.0
2026-02-16,02,SPC,173,105,62,,173,0,0,2,4,0,0,0.0
2026-02-16,02,SSN,240,156,76,,240,0,0,1,7,0,0,0.0
2026-02-16,02,SAE,516,496,6,,516,0,0,0,14,0,0,0.0
2026-02-16,02,SAT,313,307,0,,313,0,0,0,6,0,0,0.0
2026-02-16,02,STI,2346,2230,48,,2346,0,0,0,60,0,8,0.0
2026-02-16,02,SKO,2386,1933,383,,2386,0,2,8,52,0,8,0.0
2026-02-16,02,SAR,480,356,112,,480,0,0,1,10,0,1,0.0
2026-02-16,02,SVA,770,751,2,,770,0,0,0,16,0,1,0.0
2026-02-16,02,SAN,818,732,60,,818,0,0,5,18,0,3,0.0
2026-02-16,02,SSI,66,66,0,,66,0,0,0,0,0,0,0.0
2026-02-16,02,SAL,2333,1973,301,,2333,0,1,4,52,0,2,0.0
2026-02-16,02,SMM,805,685,93,,805,0,0,2,24,0,1,0.0
2026-02-17,01,SWD,879,806,44,0.0,879,0,0,1,23,0,5,
2026-02-17,01,SWN,157,139,12,0.0,157,0,0,0,6,0,0,
2026-02-17,01,STV,122,122,0,0.0,122,0,0,0,0,0,0,
2026-02-17,01,STT,226,216,0,0.0,226,0,0,0,8,0,2,
2026-02-17,01,SKP,286,279,0,0.0,286,0,0,0,4,0,3,
2026-02-17,01,STG,81,72,7,0.0,81,0,0,0,2,0,0,
2026-02-17,01,SNW,288,284,0,0.0,288,0,0,0,3,0,1,
2026-02-17,01,STR,427,419,0,0.0,427,0,0,0,7,0,1,
2026-02-17,01,STC,316,276,32,0.0,316,0,0,0,7,0,1,
2026-02-17,01,SWA,766,634,112,0.0,766,0,0,1,18,0,1,
2026-02-17,01,SMA,500,177,311,0.0,500,0,0,8,4,0,0,
2026-02-17,01,SHC,122,117,0,0.0,122,0,0,0,5,0,0,
2026-02-17,01,SGE,331,258,62,0.0,331,0,0,2,8,0,1,
2026-02-17,01,SLI,148,121,19,0.0,148,0,0,6,2,0,0,
2026-02-17,01,STL,97,96,0,0.0,97,0,0,0,1,0,0,
2026-02-17,01,SGM,201,191,0,0.0,201,0,0,0,10,0,0,
2026-02-17,01,STE,32,21,11,0.0,32,0,0,0,0,0,0,
2026-02-17,01,SCR,235,150,79,0.0,235,0,0,1,4,0,1,
2026-02-17,01,SSA,368,284,75,0.0,368,0,0,2,6,0,1,
2026-02-17,01,SLM,501,438,48,0.0,501,0,0,0,15,0,0,
2026-02-17,01,SGU,434,393,23,0.0,434,0,5,0,9,0,4,
2026-02-17,01,SOT,1276,1151,98,0.0,1276,0,0,0,26,0,1,
2026-02-17,01,SME,970,948,0,0.0,970,0,0,0,19,0,3,
2026-02-17,01,SAP,1042,917,59,0.0,1042,0,0,2,59,0,5,
2026-02-17,02,SCC,683,583,75,,683,0,0,2,23,0,0,0.0
2026-02-17,02,SEG,958,878,62,,958,0,0,1,11,0,6,0.0
2026-02-17,02,SNP,176,109,60,,176,0,0,1,6,0,0,0.0
2026-02-17,02,SKM,50,48,0,,50,0,0,0,2,0,0,0.0
2026-02-17,02,SPC,188,124,54,,188,0,0,5,5,0,0,0.0
2026-02-17,02,SSN,274,201,64,,274,0,0,2,7,0,0,0.0
2026-02-17,02,SAE,531,508,7,,531,0,0,0,15,0,1,0.0
2026-02-17,02,SAT,311,300,1,,311,0,0,0,10,0,0,0.0
2026-02-17,02,STI,2361,2240,57,,2361,0,0,1,54,0,9,0.0
2026-02-17,02,SKO,2543,2082,397,,2543,0,2,8,48,0,6,0.0
2026-02-17,02,SAR,519,380,121,,519,0,0,1,16,0,1,0.0
2026-02-17,02,SVA,719,696,1,,719,0,0,0,20,0,2,0.0
2026-02-17,02,SAN,864,774,60,,864,0,0,5,24,0,1,0.0
2026-02-17,02,SSI,83,83,0,,83,0,0,0,0,0,0,0.0
2026-02-17,02,SAL,2411,2030,314,,2411,0,2,5,54,1,5,0.0
2026-02-17,02,SMM,792,669,87,,792,0,0,2,32,0,2,0.0
2026-02-18,01,SWD,854,783,42,0.0,854,0,0,1,25,0,3,
2026-02-18,01,SWN,173,158,10,0.0,173,0,0,0,5,0,0,
2026-02-18,01,STV,140,136,0,0.0,140,0,0,0,4,0,0,
2026-02-18,01,STT,237,226,0,0.0,237,0,0,0,9,0,2,
2026-02-18,01,SKP,284,277,0,0.0,284,0,0,0,3,0,4,
2026-02-18,01,STG,97,84,8,0.0,97,0,0,0,4,0,1,
2026-02-18,01,SNW,281,274,0,0.0,281,0,0,0,7,0,0,
2026-02-18,01,STR,418,405,0,0.0,418,0,0,0,12,0,1,
2026-02-18,01,STC,343,298,38,0.0,343,0,0,0,6,0,1,
2026-02-18,01,SWA,737,610,109,0.0,737,0,0,3,15,0,0,
2026-02-18,01,SMA,529,191,323,0.0,529,0,0,10,3,1,1,
2026-02-18,01,SHC,137,132,0,0.0,137,0,0,0,5,0,0,
2026-02-18,01,SGE,326,261,53,0.0,326,0,0,4,7,0,1,
2026-02-18,01,SLI,150,125,17,0.0,150,0,0,7,0,0,1,
2026-02-18,01,STL,94,90,0,0.0,94,0,0,0,4,0,0,
2026-02-18,01,SGM,200,192,0,0.0,200,0,0,0,8,0,0,
2026-02-18,01,STE,26,17,9,0.0,26,0,0,0,0,0,0,
2026-02-18,01,SCR,220,147,67,0.0,220,0,0,1,4,0,1,
2026-02-18,01,SSA,334,259,63,0.0,334,0,0,3,8,0,1,
2026-02-18,01,SLM,499,436,50,0.0,499,0,0,1,11,0,1,
2026-02-18,01,SGU,378,337,23,0.0,378,0,5,0,9,0,4,
2026-02-18,01,SOT,1259,1133,95,0.0,1259,0,0,1,26,0,4,
2026-02-18,01,SME,959,937,0,0.0,959,0,0,0,17,0,5,
2026-02-18,01,SAP,1056,923,62,0.0,1056,0,0,1,64,0,6,
2026-02-18,02,SCC,688,587,67,,688,0,0,4,27,1,2,0.0
2026-02-18,02,SEG,965,868,68,,965,0,0,2,18,0,9,0.0
2026-02-18,02,SNP,178,106,60,,178,0,0,2,9,1,0,0.0
2026-02-18,02,SKM,68,67,0,,68,0,0,0,1,0,0,0.0
2026-02-18,02,SPC,182,119,55,,182,0,0,5,3,0,0,0.0
2026-02-18,02,SSN,273,189,74,,273,0,0,2,8,0,0,0.0
2026-02-18,02,SAE,536,515,6,,536,0,0,0,14,0,1,0.0
2026-02-18,02,SAT,327,318,0,,327,0,0,0,9,0,0,0.0
2026-02-18,02,STI,2395,2291,44,,2395,0,0,0,52,0,8,0.0
2026-02-18,02,SKO,2454,2000,402,,2454,0,2,6,38,0,6,0.0
2026-02-18,02,SAR,491,365,108,,491,0,0,3,15,0,0,0.0
2026-02-18,02,SVA,697,677,1,,697,0,0,0,18,0,1,0.0
2026-02-18,02,SAN,837,743,63,,837,0,0,5,24,0,2,0.0
2026-02-18,02,SSI,73,73,0,,73,0,0,0,0,0,0,0.0
2026-02-18,02,SAL,2429,2063,300,,2429,0,1,4,56,1,4,0.0
2026-02-18,02,SMM,799,682,87,,799,0,0,1,26,0,3,0.0
2026-02-19,01,SWD,846,791,34,0.0,846,0,0,1,18,0,2,
2026-02-19,01,SWN,147,129,13,0.0,147,0,0,0,4,0,1,
2026-02-19,01,STV,142,137,0,0.0,142,0,0,0,5,0,0,
2026-02-19,01,STT,248,241,0,0.0,248,0,0,0,6,0,1,
2026-02-19,01,SKP,280,274,0,0.0,280,0,0,0,5,0,1,
2026-02-19,01,STG,69,60,7,0.0,69,0,0,0,2,0,0,
2026-02-19,01,SNW,261,258,0,0.0,261,0,0,0,2,0,1,
2026-02-19,01,STR,387,380,0,0.0,387,0,0,0,6,0,1,
2026-02-19,01,STC,332,282,39,0.0,332,0,0,0,10,0,1,
2026-02-19,01,SWA,735,601,112,0.0,735,0,0,1,21,0,0,
2026-02-19,01,SMA,458,146,291,0.0,458,0,0,14,6,0,1,
2026-02-19,01,SHC,114,111,0,0.0,114,0,0,0,3,0,0,
2026-02-19,01,SGE,341,277,56,0.0,341,0,0,1,5,0,2,
2026-02-19,01,SLI,163,126,26,0.0,163,0,0,6,4,0,1,
2026-02-19,01,STL,97,94,0,0.0,97,0,0,0,3,0,0,
2026-02-19,01,SGM,212,202,0,0.0,212,0,0,0,10,0,0,
2026-02-19,01,STE,38,23,15,0.0,38,0,0,0,0,0,0,
2026-02-19,01,SCR,235,150,77,0.0,235,0,0,2,6,0,0,
2026-02-19,01,SSA,342,277,56,0.0,342,0,0,2,4,0,3,
2026-02-19,01,SLM,536,466,51,0.0,536,0,0,2,17,0,0,
2026-02-19,01,SGU,426,371,38,0.0,426,0,5,0,9,0,3,
2026-02-19,01,SOT,1279,1152,98,0.0,1279,0,0,2,24,0,3,
2026-02-19,01,SME,1015,990,0,0.0,1015,0,0,0,17,0,8,
2026-02-19,01,SAP,1060,938,48,0.0,1060,0,0,1,66,0,7,
2026-02-19,02,SCC,686,581,75,,686,0,0,7,20,1,2,0.0
2026-02-19,02,SEG,936,852,61,,936,0,0,1,19,0,3,0.0
2026-02-19,02,SNP,196,126,66,,196,0,0,2,1,1,0,0.0
2026-02-19,02,SKM,71,67,0,,71,0,0,0,4,0,0,0.0
2026-02-19,02,SPC,183,127,47,,183,0,0,7,2,0,0,0.0
2026-02-19,02,SSN,273,198,66,,273,0,0,1,8,0,0,0.0
2026-02-19,02,SAE,533,516,3,,533,0,0,0,14,0,0,0.0
2026-02-19,02,SAT,312,306,0,,312,0,0,0,6,0,0,0.0
2026-02-19,02,STI,2330,2224,52,,2330,0,0,0,47,0,7,0.0
2026-02-19,02,SKO,2494,2077,358,,2494,0,2,7,44,1,5,0.0
2026-02-19,02,SAR,490,343,133,,490,0,0,0,12,0,2,0.0
2026-02-19,02,SVA,712,692,1,,712,0,0,0,19,0,0,0.0
2026-02-19,02,SAN,854,766,61,,854,0,0,5,19,0,3,0.0
2026-02-19,02,SSI,69,68,0,,69,0,0,0,1,0,0,0.0
2026-02-19,02,SAL,2390,2016,308,,2390,0,2,4,54,0,6,0.0
2026-02-19,02,SMM,814,700,92,,814,0,0,1,20,0,1,0.0
2026-02-20,01,SWD,780,717,41,0.0,780,0,0,0,20,0,2,
2026-02-20,01,SWN,138,101,29,0.0,138,0,0,0,7,0,1,
2026-02-20,01,STV,151,148,0,0.0,151,0,0,0,3,0,0,
2026-02-20,01,STT,264,260,0,0.0,264,0,0,0,4,0,0,
2026-02-20,01,SKP,301,290,0,0.0,301,0,0,0,8,0,3,
2026-02-20,01,STG,76,68,4,0.0,76,0,0,0,4,0,0,
2026-02-20,01,SNW,283,274,0,0.0,283,0,0,0,8,0,1,
2026-02-20,01,STR,390,381,0,0.0,390,0,0,0,8,0,1,
2026-02-20,01,STC,362,295,53,0.0,362,0,0,0,13,0,1,
2026-02-20,01,SWA,700,568,115,0.0,700,0,0,1,14,0,2,
2026-02-20,01,SMA,499,177,310,0.0,499,0,0,7,4,0,1,
2026-02-20,01,SHC,105,102,0,0.0,105,0,0,0,3,0,0,
2026-02-20,01,SGE,320,248,57,0.0,320,0,0,5,9,0,1,
2026-02-20,01,SLI,176,134,30,0.0,176,0,0,6,4,0,2,
2026-02-20,01,STL,117,115,0,0.0,117,0,0,0,2,0,0,
2026-02-20,01,SGM,205,192,0,0.0,205,0,0,0,13,0,0,
2026-02-20,01,STE,36,25,10,0.0,36,0,0,0,1,0,0,
2026-02-20,01,SCR,227,144,76,0.0,227,0,0,1,5,0,1,
2026-02-20,01,SSA,337,259,71,0.0,337,0,0,2,3,0,2,
2026-02-20,01,SLM,525,461,50,0.0,525,0,0,0,14,0,0,
2026-02-20,01,SGU,407,365,27,0.0,407,0,5,1,6,0,3,
2026-02-20,01,SOT,1200,1070,97,0.0,1200,0,0,1,28,0,4,
2026-02-20,01,SME,1057,1032,0,0.0,1057,0,0,0,20,0,5,
2026-02-20,01,SAP,1108,971,66,0.0,1108,0,0,2,66,0,3,
2026-02-20,02,SCC,622,530,66,,622,0,0,7,14,1,4,0.0
2026-02-20,02,SEG,913,829,66,,913,0,1,0,14,0,3,0.0
2026-02-20,02,SNP,160,106,50,,160,0,0,2,1,1,0,0.0
2026-02-20,02,SKM,51,49,0,,51,0,0,0,2,0,0,0.0
2026-02-20,02,SPC,165,121,41,,165,0,0,2,1,0,0,0.0
2026-02-20,02,SSN,263,182,68,,263,0,0,2,11,0,0,0.0
2026-02-20,02,SAE,533,516,5,,533,0,0,0,10,0,2,0.0
2026-02-20,02,SAT,301,291,0,,301,0,0,0,10,0,0,0.0
2026-02-20,02,STI,2178,2067,53,,2178,0,0,0,54,0,4,0.0
2026-02-20,02,SKO,2395,1996,337,,2395,0,2,10,45,0,5,0.0
2026-02-20,02,SAR,504,362,129,,504,0,0,0,12,0,1,0.0
2026-02-20,02,SVA,809,784,0,,809,0,0,0,23,0,2,0.0
2026-02-20,02,SAN,874,775,68,,874,0,0,3,26,0,2,0.0
2026-02-20,02,SSI,64,64,0,,64,0,0,0,0,0,0,0.0
2026-02-20,02,SAL,2317,1960,293,,2317,0,2,6,54,0,2,0.0
2026-02-20,02,SMM,770,651,97,,770,0,0,1,20,0,1,0.0
2026-02-21,01,SWD,614,563,35,0.0,614,0,0,0,15,0,1,
2026-02-21,01,SWN,120,93,20,0.0,120,0,0,0,7,0,0,
2026-02-21,01,STV,158,152,0,0.0,158,0,0,0,6,0,0,
2026-02-21,01,STT,215,209,0,0.0,215,0,0,0,5,0,1,
2026-02-21,01,SKP,230,226,0,0.0,230,0,0,0,3,0,1,
2026-02-21,01,STG,46,38,6,0.0,46,0,0,0,2,0,0,
2026-02-21,01,SNW,219,217,0,0.0,219,0,0,0,2,0,0,
2026-02-21,01,STR,303,290,0,0.0,303,0,0,0,13,0,0,
2026-02-21,01,STC,334,270,53,0.0,334,0,0,1,9,0,1,
2026-02-21,01,SWA,522,390,124,0.0,522,0,0,1,7,0,0,
2026-02-21,01,SMA,570,161,388,0.0,570,0,0,15,4,0,2,
2026-02-21,01,SHC,120,119,0,0.0,120,0,0,0,1,0,0,
2026-02-21,01,SGE,316,238,64,0.0,316,0,0,3,10,0,1,
2026-02-21,01,SLI,128,88,29,0.0,128,0,0,4,6,0,1,
2026-02-21,01,STL,86,83,0,0.0,86,0,0,0,3,0,0,
2026-02-21,01,SGM,155,151,0,0.0,155,0,0,0,4,0,0,
2026-02-21,01,STE,29,18,10,0.0,29,0,0,0,1,0,0,
2026-02-21,01,SCR,209,150,51,0.0,209,0,0,0,8,0,0,
2026-02-21,01,SSA,301,213,82,0.0,301,0,0,1,4,0,1,
2026-02-21,01,SLM,399,321,62,0.0,399,0,0,4,12,0,0,
2026-02-21,01,SGU,360,323,26,0.0,360,0,2,1,6,0,2,
2026-02-21,01,SOT,734,609,98,0.0,734,0,0,2,24,0,1,
2026-02-21,01,SME,1239,1214,0,0.0,1239,0,0,0,22,0,3,
2026-02-21,01,SAP,902,806,37,0.0,902,0,0,0,58,0,1,
2026-02-21,02,SCC,628,540,75,,628,0,0,4,8,1,0,0.0
2026-02-21,02,SEG,715,624,69,,715,0,0,0,14,3,5,0.0
2026-02-21,02,SNP,168,104,59,,168,0,0,0,4,1,0,0.0
2026-02-21,02,SKM,44,42,0,,44,0,0,0,2,0,0,0.0
2026-02-21,02,SPC,163,113,43,,163,0,0,5,2,0,0,0.0
2026-02-21,02,SSN,198,120,71,,198,0,0,0,6,0,1,0.0
2026-02-21,02,SAE,311,289,9,,311,0,0,2,9,0,2,0.0
2026-02-21,02,SAT,205,203,0,,205,0,0,0,2,0,0,0.0
2026-02-21,02,STI,1686,1629,24,,1686,0,0,0,28,0,5,0.0
2026-02-21,02,SKO,1644,1363,239,,1644,0,2,2,34,0,4,0.0
2026-02-21,02,SAR,382,257,120,,382,0,0,2,3,0,0,0.0
2026-02-21,02,SVA,1059,1035,0,,1059,0,0,0,22,0,2,0.0
2026-02-21,02,SAN,720,601,90,,720,0,0,1,25,0,3,0.0
2026-02-21,02,SSI,57,55,0,,57,0,0,0,2,0,0,0.0
2026-02-21,02,SAL,2010,1627,310,,2010,0,0,6,59,2,6,0.0
2026-02-21,02,SMM,551,445,85,,551,0,0,1,18,0,2,0.0
