Date,Line,Direction,Start Hour,End Hour,Start Station,End Station,PHPDT
2026-01-30,1,UP,19:00,20:00,SAP,SME,658
2026-01-30,1,UP,19:00,20:00,SME,SOT,876
2026-01-30,1,UP,19:00,20:00,SOT,SAL,966
2026-01-30,1,UP,19:00,20:00,SAL,SGU,1912
2026-01-30,1,UP,19:00,20:00,SGU,SLM,2956
2026-01-30,1,UP,19:00,20:00,SLM,SSA,3558
2026-01-30,1,UP,19:00,20:00,SSA,SCR,3796
2026-01-30,1,UP,19:00,20:00,SCR,STE,6063
2026-01-30,1,UP,19:00,20:00,STE,SGM,6260
2026-01-30,1,UP,19:00,20:00,SGM,STL,6488
2026-01-30,1,UP,19:00,20:00,STL,SLI,7844
2026-01-30,1,UP,19:00,20:00,SLI,SGE,7989
2026-01-30,1,UP,19:00,20:00,SGE,SCC,7780
2026-01-30,1,UP,19:00,20:00,SCC,SHC,7494
2026-01-30,1,UP,19:00,20:00,SHC,SMA,7819
2026-01-30,1,UP,19:00,20:00,SMA,SWA,7635
2026-01-30,1,UP,19:00,20:00,SWA,STC,6814
2026-01-30,1,UP,19:00,20:00,STC,STR,6012
2026-01-30,1,UP,19:00,20:00,STR,SNW,5080
2026-01-30,1,UP,19:00,20:00,SNW,STG,4359
2026-01-30,1,UP,19:00,20:00,STG,SKP,4004
2026-01-30,1,UP,19:00,20:00,SKP,STT,3219
2026-01-30,1,UP,19:00,20:00,STT,STV,2186
2026-01-30,1,UP,19:00,20:00,STV,SWN,1515
2026-01-30,1,UP,19:00,20:00,SWN,SWD,730
2026-01-30,1,DOWN,09:00,10:00,SWD,SWN,1309
2026-01-30,1,DOWN,09:00,10:00,SWN,STV,2199
2026-01-30,1,DOWN,09:00,10:00,STV,STT,3039
2026-01-30,1,DOWN,09:00,10:00,STT,SKP,4163
2026-01-30,1,DOWN,09:00,10:00,SKP,STG,5134
2026-01-30,1,DOWN,09:00,10:00,STG,SNW,5607
2026-01-30,1,DOWN,09:00,10:00,SNW,STR,6418
2026-01-30,1,DOWN,09:00,10:00,STR,STC,7519
2026-01-30,1,DOWN,09:00,10:00,STC,SWA,8382
2026-01-30,1,DOWN,09:00,10:00,SWA,SMA,9838
2026-01-30,1,DOWN,09:00,10:00,SMA,SHC,10066
2026-01-30,1,DOWN,09:00,10:00,SHC,SCC,9498
2026-01-30,1,DOWN,09:00,10:00,SCC,SGE,14666
2026-01-30,1,DOWN,09:00,10:00,SGE,SLI,14247
2026-01-30,1,DOWN,09:00,10:00,SLI,STL,12610
2026-01-30,1,DOWN,09:00,10:00,STL,SGM,9724
2026-01-30,1,DOWN,09:00,10:00,SGM,STE,8781
2026-01-30,1,DOWN,09:00,10:00,STE,SCR,7472
2026-01-30,1,DOWN,09:00,10:00,SCR,SSA,6387
2026-01-30,1,DOWN,09:00,10:00,SSA,SLM,5941
2026-01-30,1,DOWN,09:00,10:00,SLM,SGU,5014
2026-01-30,1,DOWN,09:00,10:00,SGU,SAL,3897
2026-01-30,1,DOWN,09:00,10:00,SAL,SOT,4038
2026-01-30,1,DOWN,09:00,10:00,SOT,SME,1457
2026-01-30,1,DOWN,09:00,10:00,SME,SAP,1068
2026-01-30,2,UP,09:00,10:00,SMM,SAL,1374
2026-01-30,2,UP,09:00,10:00,SAL,SSI,3542
2026-01-30,2,UP,09:00,10:00,SSI,SAN,3208
2026-01-30,2,UP,09:00,10:00,SAN,SVA,3386
2026-01-30,2,UP,09:00,10:00,SVA,SAR,2686
2026-01-30,2,UP,09:00,10:00,SAR,SCM,2629
2026-01-30,2,UP,09:00,10:00,SCM,SKO,2639
2026-01-30,2,UP,09:00,10:00,SKO,STI,3129
2026-01-30,2,UP,09:00,10:00,STI,SAT,4708
2026-01-30,2,UP,09:00,10:00,SAT,SAE,4819
2026-01-30,2,UP,09:00,10:00,SAE,SSN,4823
2026-01-30,2,UP,09:00,10:00,SSN,SPC,4855
2026-01-30,2,UP,09:00,10:00,SPC,SKM,4900
2026-01-30,2,UP,09:00,10:00,SKM,SNP,4669
2026-01-30,2,UP,09:00,10:00,SNP,SEG,4578
2026-01-30,2,UP,09:00,10:00,SEG,SCC,4285
2026-01-30,2,DOWN,09:00,10:00,SCC,SEG,3354
2026-01-30,2,DOWN,09:00,10:00,SEG,SNP,3441
2026-01-30,2,DOWN,09:00,10:00,SNP,SKM,3363
2026-01-30,2,DOWN,09:00,10:00,SKM,SPC,3118
2026-01-30,2,DOWN,09:00,10:00,SPC,SSN,2841
2026-01-30,2,DOWN,09:00,10:00,SSN,SAE,2740
2026-01-30,2,DOWN,09:00,10:00,SAE,SAT,2684
2026-01-30,2,DOWN,09:00,10:00,SAT,STI,2538
2026-01-30,2,DOWN,09:00,10:00,STI,SKO,2914
2026-01-30,2,DOWN,09:00,10:00,SKO,SCM,3607
2026-01-30,2,DOWN,09:00,10:00,SCM,SAR,3975
2026-01-30,2,DOWN,09:00,10:00,SAR,SVA,4231
2026-01-30,2,DOWN,09:00,10:00,SVA,SAN,4106
2026-01-30,2,DOWN,09:00,10:00,SAN,SSI,4450
2026-01-30,2,DOWN,09:00,10:00,SSI,SAL,3521
2026-01-30,2,DOWN,09:00,10:00,SAL,SMM,2906
2026-02-01,1,UP,18:00,19:00,SAP,SME,565
2026-02-01,1,UP,18:00,19:00,SME,SOT,706
2026-02-01,1,UP,18:00,19:00,SOT,SAL,772
2026-02-01,1,UP,18:00,19:00,SAL,SGU,1260
2026-02-01,1,UP,18:00,19:00,SGU,SLM,1577
2026-02-01,1,UP,18:00,19:00,SLM,SSA,1668
2026-02-01,1,UP,18:00,19:00,SSA,SCR,1750
2026-02-01,1,UP,18:00,19:00,SCR,STE,2126
2026-02-01,1,UP,18:00,19:00,STE,SGM,2157
2026-02-01,1,UP,18:00,19:00,SGM,STL,2115
2026-02-01,1,UP,18:00,19:00,STL,SLI,2167
2026-02-01,1,UP,18:00,19:00,SLI,SGE,2171
2026-02-01,1,UP,18:00,19:00,SGE,SCC,2129
2026-02-01,1,UP,18:00,19:00,SCC,SHC,2603
2026-02-01,1,UP,18:00,19:00,SHC,SMA,2579
2026-02-01,1,UP,18:00,19:00,SMA,SWA,2384
2026-02-01,1,UP,18:00,19:00,SWA,STC,2197
2026-02-01,1,UP,18:00,19:00,STC,STR,1958
2026-02-01,1,UP,18:00,19:00,STR,SNW,1721
2026-02-01,1,UP,18:00,19:00,SNW,STG,1488
2026-02-01,1,UP,18:00,19:00,STG,SKP,1382
2026-02-01,1,UP,18:00,19:00,SKP,STT,1129
2026-02-01,1,UP,18:00,19:00,STT,STV,708
2026-02-01,1,UP,18:00,19:00,STV,SWN,479
2026-02-01,1,UP,18:00,19:00,SWN,SWD,272
2026-02-01,1,DOWN,14:00,15:00,SWD,SWN,210
2026-02-01,1,DOWN,14:00,15:00,SWN,STV,365
2026-02-01,1,DOWN,14:00,15:00,STV,STT,518
2026-02-01,1,DOWN,14:00,15:00,STT,SKP,860
2026-02-01,1,DOWN,14:00,15:00,SKP,STG,1034
2026-02-01,1,DOWN,14:00,15:00,STG,SNW,1121
2026-02-01,1,DOWN,14:00,15:00,SNW,STR,1289
2026-02-01,1,DOWN,14:00,15:00,STR,STC,1483
2026-02-01,1,DOWN,14:00,15:00,STC,SWA,1665
2026-02-01,1,DOWN,14:00,15:00,SWA,SMA,1819
2026-02-01,1,DOWN,14:00,15:00,SMA,SHC,1957
2026-02-01,1,DOWN,14:00,15:00,SHC,SCC,2166
2026-02-01,1,DOWN,14:00,15:00,SCC,SGE,2933
2026-02-01,1,DOWN,14:00,15:00,SGE,SLI,2941
2026-02-01,1,DOWN,14:00,15:00,SLI,STL,2862
2026-02-01,1,DOWN,14:00,15:00,STL,SGM,2726
2026-02-01,1,DOWN,14:00,15:00,SGM,STE,2731
2026-02-01,1,DOWN,14:00,15:00,STE,SCR,2680
2026-02-01,1,DOWN,14:00,15:00,SCR,SSA,2599
2026-02-01,1,DOWN,14:00,15:00,SSA,SLM,2505
2026-02-01,1,DOWN,14:00,15:00,SLM,SGU,2561
2026-02-01,1,DOWN,14:00,15:00,SGU,SAL,2276
2026-02-01,1,DOWN,14:00,15:00,SAL,SOT,2625
2026-02-01,1,DOWN,14:00,15:00,SOT,SME,1371
2026-02-01,1,DOWN,14:00,15:00,SME,SAP,1126
2026-02-01,2,UP,18:00,19:00,SMM,SAL,362
2026-02-01,2,UP,18:00,19:00,SAL,SSI,1673
2026-02-01,2,UP,18:00,19:00,SSI,SAN,1769
2026-02-01,2,UP,18:00,19:00,SAN,SVA,1853
2026-02-01,2,UP,18:00,19:00,SVA,SAR,2156
2026-02-01,2,UP,18:00,19:00,SAR,SCM,2115
2026-02-01,2,UP,18:00,19:00,SCM,SKO,1929
2026-02-01,2,UP,18:00,19:00,SKO,STI,1947
2026-02-01,2,UP,18:00,19:00,STI,SAT,2152
2026-02-01,2,UP,18:00,19:00,SAT,SAE,2161
2026-02-01,2,UP,18:00,19:00,SAE,SSN,2167
2026-02-01,2,UP,18:00,19:00,SSN,SPC,2117
2026-02-01,2,UP,18:00,19:00,SPC,SKM,2348
2026-02-01,2,UP,18:00,19:00,SKM,SNP,2413
2026-02-01,2,UP,18:00,19:00,SNP,SEG,2421
2026-02-01,2,UP,18:00,19:00,SEG,SCC,2147
2026-02-01,2,DOWN,14:00,15:00,SCC,SEG,1689
2026-02-01,2,DOWN,14:00,15:00,SEG,SNP,1800
2026-02-01,2,DOWN,14:00,15:00,SNP,SKM,1857
2026-02-01,2,DOWN,14:00,15:00,SKM,SPC,1854
2026-02-01,2,DOWN,14:00,15:00,SPC,SSN,1749
2026-02-01,2,DOWN,14:00,15:00,SSN,SAE,1749
2026-02-01,2,DOWN,14:00,15:00,SAE,SAT,1775
2026-02-01,2,DOWN,14:00,15:00,SAT,STI,1767
2026-02-01,2,DOWN,14:00,15:00,STI,SKO,1596
2026-02-01,2,DOWN,14:00,15:00,SKO,SCM,1665
2026-02-01,2,DOWN,14:00,15:00,SCM,SAR,1582
2026-02-01,2,DOWN,14:00,15:00,SAR,SVA,1666
2026-02-01,2,DOWN,14:00,15:00,SVA,SAN,1646
2026-02-01,2,DOWN,14:00,15:00,SAN,SSI,1549
2026-02-01,2,DOWN,14:00,15:00,SSI,SAL,1526
2026-02-01,2,DOWN,14:00,15:00,SAL,SMM,1327
2026-02-03,1,UP,19:00,20:00,SAP,SME,554
2026-02-03,1,UP,19:00,20:00,SME,SOT,751
2026-02-03,1,UP,19:00,20:00,SOT,SAL,806
2026-02-03,1,UP,19:00,20:00,SAL,SGU,1898
2026-02-03,1,UP,19:00,20:00,SGU,SLM,3009
2026-02-03,1,UP,19:00,20:00,SLM,SSA,3611
2026-02-03,1,UP,19:00,20:00,SSA,SCR,3776
2026-02-03,1,UP,19:00,20:00,SCR,STE,5971
2026-02-03,1,UP,19:00,20:00,STE,SGM,6421
2026-02-03,1,UP,19:00,20:00,SGM,STL,6590
2026-02-03,1,UP,19:00,20:00,STL,SLI,7869
2026-02-03,1,UP,19:00,20:00,SLI,SGE,8097
2026-02-03,1,UP,19:00,20:00,SGE,SCC,7820
2026-02-03,1,UP,19:00,20:00,SCC,SHC,7808
2026-02-03,1,UP,19:00,20:00,SHC,SMA,8150
2026-02-03,1,UP,19:00,20:00,SMA,SWA,7968
2026-02-03,1,UP,19:00,20:00,SWA,STC,7089
2026-02-03,1,UP,19:00,20:00,STC,STR,6167
2026-02-03,1,UP,19:00,20:00,STR,SNW,5228
2026-02-03,1,UP,19:00,20:00,SNW,STG,4641
2026-02-03,1,UP,19:00,20:00,STG,SKP,4275
2026-02-03,1,UP,19:00,20:00,SKP,STT,3417
2026-02-03,1,UP,19:00,20:00,STT,STV,2395
2026-02-03,1,UP,19:00,20:00,STV,SWN,1673
2026-02-03,1,UP,19:00,20:00,SWN,SWD,732
2026-02-03,1,DOWN,09:00,10:00,SWD,SWN,1300
2026-02-03,1,DOWN,09:00,10:00,SWN,STV,2232
2026-02-03,1,DOWN,09:00,10:00,STV,STT,3057
2026-02-03,1,DOWN,09:00,10:00,STT,SKP,4130
2026-02-03,1,DOWN,09:00,10:00,SKP,STG,5144
2026-02-03,1,DOWN,09:00,10:00,STG,SNW,5677
2026-02-03,1,DOWN,09:00,10:00,SNW,STR,6525
2026-02-03,1,DOWN,09:00,10:00,STR,STC,7668
2026-02-03,1,DOWN,09:00,10:00,STC,SWA,8577
2026-02-03,1,DOWN,09:00,10:00,SWA,SMA,10111
2026-02-03,1,DOWN,09:00,10:00,SMA,SHC,10379
2026-02-03,1,DOWN,09:00,10:00,SHC,SCC,9779
2026-02-03,1,DOWN,09:00,10:00,SCC,SGE,15604
2026-02-03,1,DOWN,09:00,10:00,SGE,SLI,15207
2026-02-03,1,DOWN,09:00,10:00,SLI,STL,13647
2026-02-03,1,DOWN,09:00,10:00,STL,SGM,10496
2026-02-03,1,DOWN,09:00,10:00,SGM,STE,9461
2026-02-03,1,DOWN,09:00,10:00,STE,SCR,7766
2026-02-03,1,DOWN,09:00,10:00,SCR,SSA,6578
2026-02-03,1,DOWN,09:00,10:00,SSA,SLM,6161
2026-02-03,1,DOWN,09:00,10:00,SLM,SGU,5187
2026-02-03,1,DOWN,09:00,10:00,SGU,SAL,3915
2026-02-03,1,DOWN,09:00,10:00,SAL,SOT,4027
2026-02-03,1,DOWN,09:00,10:00,SOT,SME,1453
2026-02-03,1,DOWN,09:00,10:00,SME,SAP,1071
2026-02-03,2,UP,09:00,10:00,SMM,SAL,1565
2026-02-03,2,UP,09:00,10:00,SAL,SSI,3827
2026-02-03,2,UP,09:00,10:00,SSI,SAN,3359
2026-02-03,2,UP,09:00,10:00,SAN,SVA,3590
2026-02-03,2,UP,09:00,10:00,SVA,SAR,2871
2026-02-03,2,UP,09:00,10:00,SAR,SCM,2857
2026-02-03,2,UP,09:00,10:00,SCM,SKO,2834
2026-02-03,2,UP,09:00,10:00,SKO,STI,3304
2026-02-03,2,UP,09:00,10:00,STI,SAT,4911
2026-02-03,2,UP,09:00,10:00,SAT,SAE,5047
2026-02-03,2,UP,09:00,10:00,SAE,SSN,4965
2026-02-03,2,UP,09:00,10:00,SSN,SPC,5036
2026-02-03,2,UP,09:00,10:00,SPC,SKM,5024
2026-02-03,2,UP,09:00,10:00,SKM,SNP,4815
2026-02-03,2,UP,09:00,10:00,SNP,SEG,4736
2026-02-03,2,UP,09:00,10:00,SEG,SCC,4449
2026-02-03,2,DOWN,09:00,10:00,SCC,SEG,3658
2026-02-03,2,DOWN,09:00,10:00,SEG,SNP,3761
2026-02-03,2,DOWN,09:00,10:00,SNP,SKM,3667
2026-02-03,2,DOWN,09:00,10:00,SKM,SPC,3441
2026-02-03,2,DOWN,09:00,10:00,SPC,SSN,3068
2026-02-03,2,DOWN,09:00,10:00,SSN,SAE,2959
2026-02-03,2,DOWN,09:00,10:00,SAE,SAT,2955
2026-02-03,2,DOWN,09:00,10:00,SAT,STI,2873
2026-02-03,2,DOWN,09:00,10:00,STI,SKO,3388
2026-02-03,2,DOWN,09:00,10:00,SKO,SCM,4129
2026-02-03,2,DOWN,09:00,10:00,SCM,SAR,4545
2026-02-03,2,DOWN,09:00,10:00,SAR,SVA,4839
2026-02-03,2,DOWN,09:00,10:00,SVA,SAN,4752
2026-02-03,2,DOWN,09:00,10:00,SAN,SSI,5110
2026-02-03,2,DOWN,09:00,10:00,SSI,SAL,3812
2026-02-03,2,DOWN,09:00,10:00,SAL,SMM,3059
2026-02-05,1,UP,19:00,20:00,SAP,SME,552
2026-02-05,1,UP,19:00,20:00,SME,SOT,791
2026-02-05,1,UP,19:00,20:00,SOT,SAL,880
2026-02-05,1,UP,19:00,20:00,SAL,SGU,1938
2026-02-05,1,UP,19:00,20:00,SGU,SLM,3036
2026-02-05,1,UP,19:00,20:00,SLM,SSA,3640
2026-02-05,1,UP,19:00,20:00,SSA,SCR,3866
2026-02-05,1,UP,19:00,20:00,SCR,STE,6146
2026-02-05,1,UP,19:00,20:00,STE,SGM,6365
2026-02-05,1,UP,19:00,20:00,SGM,STL,6573
2026-02-05,1,UP,19:00,20:00,STL,SLI,7905
2026-02-05,1,UP,19:00,20:00,SLI,SGE,8170
2026-02-05,1,UP,19:00,20:00,SGE,SCC,7898
2026-02-05,1,UP,19:00,20:00,SCC,SHC,7565
2026-02-05,1,UP,19:00,20:00,SHC,SMA,7844
2026-02-05,1,UP,19:00,20:00,SMA,SWA,7793
2026-02-05,1,UP,19:00,20:00,SWA,STC,6960
2026-02-05,1,UP,19:00,20:00,STC,STR,6047
2026-02-05,1,UP,19:00,20:00,STR,SNW,5114
2026-02-05,1,UP,19:00,20:00,SNW,STG,4407
2026-02-05,1,UP,19:00,20:00,STG,SKP,3998
2026-02-05,1,UP,19:00,20:00,SKP,STT,3418
2026-02-05,1,UP,19:00,20:00,STT,STV,2357
2026-02-05,1,UP,19:00,20:00,STV,SWN,1674
2026-02-05,1,UP,19:00,20:00,SWN,SWD,770
2026-02-05,1,DOWN,09:00,10:00,SWD,SWN,1351
2026-02-05,1,DOWN,09:00,10:00,SWN,STV,2329
2026-02-05,1,DOWN,09:00,10:00,STV,STT,3181
2026-02-05,1,DOWN,09:00,10:00,STT,SKP,4270
2026-02-05,1,DOWN,09:00,10:00,SKP,STG,5279
2026-02-05,1,DOWN,09:00,10:00,STG,SNW,5743
2026-02-05,1,DOWN,09:00,10:00,SNW,STR,6546
2026-02-05,1,DOWN,09:00,10:00,STR,STC,7614
2026-02-05,1,DOWN,09:00,10:00,STC,SWA,8521
2026-02-05,1,DOWN,09:00,10:00,SWA,SMA,10038
2026-02-05,1,DOWN,09:00,10:00,SMA,SHC,10275
2026-02-05,1,DOWN,09:00,10:00,SHC,SCC,9681
2026-02-05,1,DOWN,09:00,10:00,SCC,SGE,15205
2026-02-05,1,DOWN,09:00,10:00,SGE,SLI,14881
2026-02-05,1,DOWN,09:00,10:00,SLI,STL,13212
2026-02-05,1,DOWN,09:00,10:00,STL,SGM,10164
2026-02-05,1,DOWN,09:00,10:00,SGM,STE,9250
2026-02-05,1,DOWN,09:00,10:00,STE,SCR,7853
2026-02-05,1,DOWN,09:00,10:00,SCR,SSA,6643
2026-02-05,1,DOWN,09:00,10:00,SSA,SLM,6054
2026-02-05,1,DOWN,09:00,10:00,SLM,SGU,5097
2026-02-05,1,DOWN,09:00,10:00,SGU,SAL,3915
2026-02-05,1,DOWN,09:00,10:00,SAL,SOT,4052
2026-02-05,1,DOWN,09:00,10:00,SOT,SME,1517
2026-02-05,1,DOWN,09:00,10:00,SME,SAP,1135
2026-02-05,2,UP,09:00,10:00,SMM,SAL,1487
2026-02-05,2,UP,09:00,10:00,SAL,SSI,3735
2026-02-05,2,UP,09:00,10:00,SSI,SAN,3230
2026-02-05,2,UP,09:00,10:00,SAN,SVA,3405
2026-02-05,2,UP,09:00,10:00,SVA,SAR,2784
2026-02-05,2,UP,09:00,10:00,SAR,SCM,2761
2026-02-05,2,UP,09:00,10:00,SCM,SKO,2730
2026-02-05,2,UP,09:00,10:00,SKO,STI,3167
2026-02-05,2,UP,09:00,10:00,STI,SAT,4928
2026-02-05,2,UP,09:00,10:00,SAT,SAE,5123
2026-02-05,2,UP,09:00,10:00,SAE,SSN,5127
2026-02-05,2,UP,09:00,10:00,SSN,SPC,5204
2026-02-05,2,UP,09:00,10:00,SPC,SKM,5198
2026-02-05,2,UP,09:00,10:00,SKM,SNP,4935
2026-02-05,2,UP,09:00,10:00,SNP,SEG,4830
2026-02-05,2,UP,09:00,10:00,SEG,SCC,4495
2026-02-05,2,DOWN,09:00,10:00,SCC,SEG,3497
2026-02-05,2,DOWN,09:00,10:00,SEG,SNP,3624
2026-02-05,2,DOWN,09:00,10:00,SNP,SKM,3571
2026-02-05,2,DOWN,09:00,10:00,SKM,SPC,3333
2026-02-05,2,DOWN,09:00,10:00,SPC,SSN,2956
2026-02-05,2,DOWN,09:00,10:00,SSN,SAE,2874
2026-02-05,2,DOWN,09:00,10:00,SAE,SAT,2865
2026-02-05,2,DOWN,09:00,10:00,SAT,STI,2762
2026-02-05,2,DOWN,09:00,10:00,STI,SKO,3253
2026-02-05,2,DOWN,09:00,10:00,SKO,SCM,3979
2026-02-05,2,DOWN,09:00,10:00,SCM,SAR,4352
2026-02-05,2,DOWN,09:00,10:00,SAR,SVA,4627
2026-02-05,2,DOWN,09:00,10:00,SVA,SAN,4598
2026-02-05,2,DOWN,09:00,10:00,SAN,SSI,4904
2026-02-05,2,DOWN,09:00,10:00,SSI,SAL,3674
2026-02-05,2,DOWN,09:00,10:00,SAL,SMM,2977
2026-02-06,1,UP,19:00,20:00,SAP,SME,711
2026-02-06,1,UP,19:00,20:00,SME,SOT,996
2026-02-06,1,UP,19:00,20:00,SOT,SAL,1080
2026-02-06,1,UP,19:00,20:00,SAL,SGU,2101
2026-02-06,1,UP,19:00,20:00,SGU,SLM,3262
2026-02-06,1,UP,19:00,20:00,SLM,SSA,3777
2026-02-06,1,UP,19:00,20:00,SSA,SCR,3982
2026-02-06,1,UP,19:00,20:00,SCR,STE,6267
2026-02-06,1,UP,19:00,20:00,STE,SGM,6519
2026-02-06,1,UP,19:00,20:00,SGM,STL,6617
2026-02-06,1,UP,19:00,20:00,STL,SLI,7890
2026-02-06,1,UP,19:00,20:00,SLI,SGE,7997
2026-02-06,1,UP,19:00,20:00,SGE,SCC,7844
2026-02-06,1,UP,19:00,20:00,SCC,SHC,7556
2026-02-06,1,UP,19:00,20:00,SHC,SMA,7833
2026-02-06,1,UP,19:00,20:00,SMA,SWA,7660
2026-02-06,1,UP,19:00,20:00,SWA,STC,7026
2026-02-06,1,UP,19:00,20:00,STC,STR,6207
2026-02-06,1,UP,19:00,20:00,STR,SNW,5285
2026-02-06,1,UP,19:00,20:00,SNW,STG,4554
2026-02-06,1,UP,19:00,20:00,STG,SKP,4217
2026-02-06,1,UP,19:00,20:00,SKP,STT,3373
2026-02-06,1,UP,19:00,20:00,STT,STV,2341
2026-02-06,1,UP,19:00,20:00,STV,SWN,1649
2026-02-06,1,UP,19:00,20:00,SWN,SWD,753
2026-02-06,1,DOWN,09:00,10:00,SWD,SWN,1267
2026-02-06,1,DOWN,09:00,10:00,SWN,STV,2251
2026-02-06,1,DOWN,09:00,10:00,STV,STT,3051
2026-02-06,1,DOWN,09:00,10:00,STT,SKP,4160
2026-02-06,1,DOWN,09:00,10:00,SKP,STG,5077
2026-02-06,1,DOWN,09:00,10:00,STG,SNW,5527
2026-02-06,1,DOWN,09:00,10:00,SNW,STR,6280
2026-02-06,1,DOWN,09:00,10:00,STR,STC,7361
2026-02-06,1,DOWN,09:00,10:00,STC,SWA,8144
2026-02-06,1,DOWN,09:00,10:00,SWA,SMA,9529
2026-02-06,1,DOWN,09:00,10:00,SMA,SHC,9767
2026-02-06,1,DOWN,09:00,10:00,SHC,SCC,9209
2026-02-06,1,DOWN,09:00,10:00,SCC,SGE,14506
2026-02-06,1,DOWN,09:00,10:00,SGE,SLI,14098
2026-02-06,1,DOWN,09:00,10:00,SLI,STL,12509
2026-02-06,1,DOWN,09:00,10:00,STL,SGM,9709
2026-02-06,1,DOWN,09:00,10:00,SGM,STE,8880
2026-02-06,1,DOWN,09:00,10:00,STE,SCR,7589
2026-02-06,1,DOWN,09:00,10:00,SCR,SSA,6500
2026-02-06,1,DOWN,09:00,10:00,SSA,SLM,6134
2026-02-06,1,DOWN,09:00,10:00,SLM,SGU,5240
2026-02-06,1,DOWN,09:00,10:00,SGU,SAL,4095
2026-02-06,1,DOWN,09:00,10:00,SAL,SOT,4262
2026-02-06,1,DOWN,09:00,10:00,SOT,SME,1671
2026-02-06,1,DOWN,09:00,10:00,SME,SAP,1229
2026-02-06,2,UP,09:00,10:00,SMM,SAL,1447
2026-02-06,2,UP,09:00,10:00,SAL,SSI,3779
2026-02-06,2,UP,09:00,10:00,SSI,SAN,3347
2026-02-06,2,UP,09:00,10:00,SAN,SVA,3526
2026-02-06,2,UP,09:00,10:00,SVA,SAR,2897
2026-02-06,2,UP,09:00,10:00,SAR,SCM,2900
2026-02-06,2,UP,09:00,10:00,SCM,SKO,2870
2026-02-06,2,UP,09:00,10:00,SKO,STI,3268
2026-02-06,2,UP,09:00,10:00,STI,SAT,4842
2026-02-06,2,UP,09:00,10:00,SAT,SAE,4968
2026-02-06,2,UP,09:00,10:00,SAE,SSN,4970
2026-02-06,2,UP,09:00,10:00,SSN,SPC,5029
2026-02-06,2,UP,09:00,10:00,SPC,SKM,5045
2026-02-06,2,UP,09:00,10:00,SKM,SNP,4761
2026-02-06,2,UP,09:00,10:00,SNP,SEG,4673
2026-02-06,2,UP,09:00,10:00,SEG,SCC,4443
2026-02-06,2,DOWN,09:00,10:00,SCC,SEG,3465
2026-02-06,2,DOWN,09:00,10:00,SEG,SNP,3611
2026-02-06,2,DOWN,09:00,10:00,SNP,SKM,3541
2026-02-06,2,DOWN,09:00,10:00,SKM,SPC,3298
2026-02-06,2,DOWN,09:00,10:00,SPC,SSN,3038
2026-02-06,2,DOWN,09:00,10:00,SSN,SAE,2952
2026-02-06,2,DOWN,09:00,10:00,SAE,SAT,2919
2026-02-06,2,DOWN,09:00,10:00,SAT,STI,2805
2026-02-06,2,DOWN,09:00,10:00,STI,SKO,3230
2026-02-06,2,DOWN,09:00,10:00,SKO,SCM,3910
2026-02-06,2,DOWN,09:00,10:00,SCM,SAR,4264
2026-02-06,2,DOWN,09:00,10:00,SAR,SVA,4543
2026-02-06,2,DOWN,09:00,10:00,SVA,SAN,4295
2026-02-06,2,DOWN,09:00,10:00,SAN,SSI,4599
2026-02-06,2,DOWN,09:00,10:00,SSI,SAL,3575
2026-02-06,2,DOWN,09:00,10:00,SAL,SMM,2961
2026-02-07,1,UP,19:00,20:00,SAP,SME,550
2026-02-07,1,UP,19:00,20:00,SME,SOT,794
2026-02-07,1,UP,19:00,20:00,SOT,SAL,872
2026-02-07,1,UP,19:00,20:00,SAL,SGU,1748
2026-02-07,1,UP,19:00,20:00,SGU,SLM,2324
2026-02-07,1,UP,19:00,20:00,SLM,SSA,2595
2026-02-07,1,UP,19:00,20:00,SSA,SCR,2754
2026-02-07,1,UP,19:00,20:00,SCR,STE,3833
2026-02-07,1,UP,19:00,20:00,STE,SGM,4035
2026-02-07,1,UP,19:00,20:00,SGM,STL,4119
2026-02-07,1,UP,19:00,20:00,STL,SLI,4901
2026-02-07,1,UP,19:00,20:00,SLI,SGE,4952
2026-02-07,1,UP,19:00,20:00,SGE,SCC,4869
2026-02-07,1,UP,19:00,20:00,SCC,SHC,5571
2026-02-07,1,UP,19:00,20:00,SHC,SMA,5829
2026-02-07,1,UP,19:00,20:00,SMA,SWA,5726
2026-02-07,1,UP,19:00,20:00,SWA,STC,5207
2026-02-07,1,UP,19:00,20:00,STC,STR,4581
2026-02-07,1,UP,19:00,20:00,STR,SNW,3903
2026-02-07,1,UP,19:00,20:00,SNW,STG,3364
2026-02-07,1,UP,19:00,20:00,STG,SKP,3040
2026-02-07,1,UP,19:00,20:00,SKP,STT,2453
2026-02-07,1,UP,19:00,20:00,STT,STV,1650
2026-02-07,1,UP,19:00,20:00,STV,SWN,1139
2026-02-07,1,UP,19:00,20:00,SWN,SWD,509
2026-02-07,1,DOWN,09:00,10:00,SWD,SWN,874
2026-02-07,1,DOWN,09:00,10:00,SWN,STV,1570
2026-02-07,1,DOWN,09:00,10:00,STV,STT,2177
2026-02-07,1,DOWN,09:00,10:00,STT,SKP,2938
2026-02-07,1,DOWN,09:00,10:00,SKP,STG,3638
2026-02-07,1,DOWN,09:00,10:00,STG,SNW,3971
2026-02-07,1,DOWN,09:00,10:00,SNW,STR,4558
2026-02-07,1,DOWN,09:00,10:00,STR,STC,5317
2026-02-07,1,DOWN,09:00,10:00,STC,SWA,5910
2026-02-07,1,DOWN,09:00,10:00,SWA,SMA,6698
2026-02-07,1,DOWN,09:00,10:00,SMA,SHC,6749
2026-02-07,1,DOWN,09:00,10:00,SHC,SCC,6384
2026-02-07,1,DOWN,09:00,10:00,SCC,SGE,8823
2026-02-07,1,DOWN,09:00,10:00,SGE,SLI,8558
2026-02-07,1,DOWN,09:00,10:00,SLI,STL,7713
2026-02-07,1,DOWN,09:00,10:00,STL,SGM,5945
2026-02-07,1,DOWN,09:00,10:00,SGM,STE,5466
2026-02-07,1,DOWN,09:00,10:00,STE,SCR,4564
2026-02-07,1,DOWN,09:00,10:00,SCR,SSA,4048
2026-02-07,1,DOWN,09:00,10:00,SSA,SLM,3817
2026-02-07,1,DOWN,09:00,10:00,SLM,SGU,3405
2026-02-07,1,DOWN,09:00,10:00,SGU,SAL,3002
2026-02-07,1,DOWN,09:00,10:00,SAL,SOT,3109
2026-02-07,1,DOWN,09:00,10:00,SOT,SME,958
2026-02-07,1,DOWN,09:00,10:00,SME,SAP,653
2026-02-07,2,UP,19:00,20:00,SMM,SAL,564
2026-02-07,2,UP,19:00,20:00,SAL,SSI,2682
2026-02-07,2,UP,19:00,20:00,SSI,SAN,3036
2026-02-07,2,UP,19:00,20:00,SAN,SVA,3262
2026-02-07,2,UP,19:00,20:00,SVA,SAR,3222
2026-02-07,2,UP,19:00,20:00,SAR,SCM,3068
2026-02-07,2,UP,19:00,20:00,SCM,SKO,2731
2026-02-07,2,UP,19:00,20:00,SKO,STI,3003
2026-02-07,2,UP,19:00,20:00,STI,SAT,3183
2026-02-07,2,UP,19:00,20:00,SAT,SAE,3304
2026-02-07,2,UP,19:00,20:00,SAE,SSN,3325
2026-02-07,2,UP,19:00,20:00,SSN,SPC,3375
2026-02-07,2,UP,19:00,20:00,SPC,SKM,3455
2026-02-07,2,UP,19:00,20:00,SKM,SNP,3489
2026-02-07,2,UP,19:00,20:00,SNP,SEG,3539
2026-02-07,2,UP,19:00,20:00,SEG,SCC,3323
2026-02-07,2,DOWN,18:00,19:00,SCC,SEG,2899
2026-02-07,2,DOWN,18:00,19:00,SEG,SNP,2962
2026-02-07,2,DOWN,18:00,19:00,SNP,SKM,3032
2026-02-07,2,DOWN,18:00,19:00,SKM,SPC,3087
2026-02-07,2,DOWN,18:00,19:00,SPC,SSN,3098
2026-02-07,2,DOWN,18:00,19:00,SSN,SAE,3058
2026-02-07,2,DOWN,18:00,19:00,SAE,SAT,3161
2026-02-07,2,DOWN,18:00,19:00,SAT,STI,3190
2026-02-07,2,DOWN,18:00,19:00,STI,SKO,2823
2026-02-07,2,DOWN,18:00,19:00,SKO,SCM,2687
2026-02-07,2,DOWN,18:00,19:00,SCM,SAR,2363
2026-02-07,2,DOWN,18:00,19:00,SAR,SVA,2318
2026-02-07,2,DOWN,18:00,19:00,SVA,SAN,2290
2026-02-07,2,DOWN,18:00,19:00,SAN,SSI,2320
2026-02-07,2,DOWN,18:00,19:00,SSI,SAL,2343
2026-02-07,2,DOWN,18:00,19:00,SAL,SMM,2123
2026-02-08,1,UP,18:00,19:00,SAP,SME,624
2026-02-08,1,UP,18:00,19:00,SME,SOT,830
2026-02-08,1,UP,18:00,19:00,SOT,SAL,858
2026-02-08,1,UP,18:00,19:00,SAL,SGU,1478
2026-02-08,1,UP,18:00,19:00,SGU,SLM,1830
2026-02-08,1,UP,18:00,19:00,SLM,SSA,1960
2026-02-08,1,UP,18:00,19:00,SSA,SCR,2138
2026-02-08,1,UP,18:00,19:00,SCR,STE,2638
2026-02-08,1,UP,18:00,19:00,STE,SGM,2579
2026-02-08,1,UP,18:00,19:00,SGM,STL,2574
2026-02-08,1,UP,18:00,19:00,STL,SLI,2696
2026-02-08,1,UP,18:00,19:00,SLI,SGE,2679
2026-02-08,1,UP,18:00,19:00,SGE,SCC,2585
2026-02-08,1,UP,18:00,19:00,SCC,SHC,3135
2026-02-08,1,UP,18:00,19:00,SHC,SMA,3112
2026-02-08,1,UP,18:00,19:00,SMA,SWA,2906
2026-02-08,1,UP,18:00,19:00,SWA,STC,2666
2026-02-08,1,UP,18:00,19:00,STC,STR,2378
2026-02-08,1,UP,18:00,19:00,STR,SNW,2001
2026-02-08,1,UP,18:00,19:00,SNW,STG,1735
2026-02-08,1,UP,18:00,19:00,STG,SKP,1569
2026-02-08,1,UP,18:00,19:00,SKP,STT,1260
2026-02-08,1,UP,18:00,19:00,STT,STV,774
2026-02-08,1,UP,18:00,19:00,STV,SWN,495
2026-02-08,1,UP,18:00,19:00,SWN,SWD,241
2026-02-08,1,DOWN,18:00,19:00,SWD,SWN,257
2026-02-08,1,DOWN,18:00,19:00,SWN,STV,431
2026-02-08,1,DOWN,18:00,19:00,STV,STT,635
2026-02-08,1,DOWN,18:00,19:00,STT,SKP,898
2026-02-08,1,DOWN,18:00,19:00,SKP,STG,1124
2026-02-08,1,DOWN,18:00,19:00,STG,SNW,1247
2026-02-08,1,DOWN,18:00,19:00,SNW,STR,1426
2026-02-08,1,DOWN,18:00,19:00,STR,STC,1636
2026-02-08,1,DOWN,18:00,19:00,STC,SWA,1833
2026-02-08,1,DOWN,18:00,19:00,SWA,SMA,1980
2026-02-08,1,DOWN,18:00,19:00,SMA,SHC,2122
2026-02-08,1,DOWN,18:00,19:00,SHC,SCC,2389
2026-02-08,1,DOWN,18:00,19:00,SCC,SGE,3253
2026-02-08,1,DOWN,18:00,19:00,SGE,SLI,3193
2026-02-08,1,DOWN,18:00,19:00,SLI,STL,3136
2026-02-08,1,DOWN,18:00,19:00,STL,SGM,3125
2026-02-08,1,DOWN,18:00,19:00,SGM,STE,3138
2026-02-08,1,DOWN,18:00,19:00,STE,SCR,3110
2026-02-08,1,DOWN,18:00,19:00,SCR,SSA,3112
2026-02-08,1,DOWN,18:00,19:00,SSA,SLM,2996
2026-02-08,1,DOWN,18:00,19:00,SLM,SGU,2942
2026-02-08,1,DOWN,18:00,19:00,SGU,SAL,2676
2026-02-08,1,DOWN,18:00,19:00,SAL,SOT,2834
2026-02-08,1,DOWN,18:00,19:00,SOT,SME,1550
2026-02-08,1,DOWN,18:00,19:00,SME,SAP,1261
2026-02-08,2,UP,18:00,19:00,SMM,SAL,387
2026-02-08,2,UP,18:00,19:00,SAL,SSI,1810
2026-02-08,2,UP,18:00,19:00,SSI,SAN,1925
2026-02-08,2,UP,18:00,19:00,SAN,SVA,2146
2026-02-08,2,UP,18:00,19:00,SVA,SAR,2131
2026-02-08,2,UP,18:00,19:00,SAR,SCM,2131
2026-02-08,2,UP,18:00,19:00,SCM,SKO,1969
2026-02-08,2,UP,18:00,19:00,SKO,STI,2060
2026-02-08,2,UP,18:00,19:00,STI,SAT,2263
2026-02-08,2,UP,18:00,19:00,SAT,SAE,2277
2026-02-08,2,UP,18:00,19:00,SAE,SSN,2331
2026-02-08,2,UP,18:00,19:00,SSN,SPC,2354
2026-02-08,2,UP,18:00,19:00,SPC,SKM,2406
2026-02-08,2,UP,18:00,19:00,SKM,SNP,2384
2026-02-08,2,UP,18:00,19:00,SNP,SEG,2424
2026-02-08,2,UP,18:00,19:00,SEG,SCC,2205
2026-02-08,2,DOWN,19:00,20:00,SCC,SEG,1701
2026-02-08,2,DOWN,19:00,20:00,SEG,SNP,1805
2026-02-08,2,DOWN,19:00,20:00,SNP,SKM,1821
2026-02-08,2,DOWN,19:00,20:00,SKM,SPC,1815
2026-02-08,2,DOWN,19:00,20:00,SPC,SSN,1808
2026-02-08,2,DOWN,19:00,20:00,SSN,SAE,1794
2026-02-08,2,DOWN,19:00,20:00,SAE,SAT,1669
2026-02-08,2,DOWN,19:00,20:00,SAT,STI,1731
2026-02-08,2,DOWN,19:00,20:00,STI,SKO,1643
2026-02-08,2,DOWN,19:00,20:00,SKO,SCM,1589
2026-02-08,2,DOWN,19:00,20:00,SCM,SAR,1467
2026-02-08,2,DOWN,19:00,20:00,SAR,SVA,1445
2026-02-08,2,DOWN,19:00,20:00,SVA,SAN,1698
2026-02-08,2,DOWN,19:00,20:00,SAN,SSI,1643
2026-02-08,2,DOWN,19:00,20:00,SSI,SAL,1553
2026-02-08,2,DOWN,19:00,20:00,SAL,SMM,1326
2026-02-09,1,UP,19:00,20:00,SAP,SME,642
2026-02-09,1,UP,19:00,20:00,SME,SOT,846
2026-02-09,1,UP,19:00,20:00,SOT,SAL,920
2026-02-09,1,UP,19:00,20:00,SAL,SGU,1975
2026-02-09,1,UP,19:00,20:00,SGU,SLM,3042
2026-02-09,1,UP,19:00,20:00,SLM,SSA,3640
2026-02-09,1,UP,19:00,20:00,SSA,SCR,3877
2026-02-09,1,UP,19:00,20:00,SCR,STE,6046
2026-02-09,1,UP,19:00,20:00,STE,SGM,6320
2026-02-09,1,UP,19:00,20:00,SGM,STL,6659
2026-02-09,1,UP,19:00,20:00,STL,SLI,7959
2026-02-09,1,UP,19:00,20:00,SLI,SGE,8157
2026-02-09,1,UP,19:00,20:00,SGE,SCC,7949
2026-02-09,1,UP,19:00,20:00,SCC,SHC,8035
2026-02-09,1,UP,19:00,20:00,SHC,SMA,8392
2026-02-09,1,UP,19:00,20:00,SMA,SWA,8234
2026-02-09,1,UP,19:00,20:00,SWA,STC,7335
2026-02-09,1,UP,19:00,20:00,STC,STR,6529
2026-02-09,1,UP,19:00,20:00,STR,SNW,5575
2026-02-09,1,UP,19:00,20:00,SNW,STG,4827
2026-02-09,1,UP,19:00,20:00,STG,SKP,4438
2026-02-09,1,UP,19:00,20:00,SKP,STT,3557
2026-02-09,1,UP,19:00,20:00,STT,STV,2522
2026-02-09,1,UP,19:00,20:00,STV,SWN,1774
2026-02-09,1,UP,19:00,20:00,SWN,SWD,803
2026-02-09,1,DOWN,09:00,10:00,SWD,SWN,1245
2026-02-09,1,DOWN,09:00,10:00,SWN,STV,2302
2026-02-09,1,DOWN,09:00,10:00,STV,STT,3132
2026-02-09,1,DOWN,09:00,10:00,STT,SKP,4177
2026-02-09,1,DOWN,09:00,10:00,SKP,STG,5079
2026-02-09,1,DOWN,09:00,10:00,STG,SNW,5499
2026-02-09,1,DOWN,09:00,10:00,SNW,STR,6280
2026-02-09,1,DOWN,09:00,10:00,STR,STC,7352
2026-02-09,1,DOWN,09:00,10:00,STC,SWA,8143
2026-02-09,1,DOWN,09:00,10:00,SWA,SMA,9562
2026-02-09,1,DOWN,09:00,10:00,SMA,SHC,9776
2026-02-09,1,DOWN,09:00,10:00,SHC,SCC,9212
2026-02-09,1,DOWN,09:00,10:00,SCC,SGE,14576
2026-02-09,1,DOWN,09:00,10:00,SGE,SLI,14150
2026-02-09,1,DOWN,09:00,10:00,SLI,STL,12589
2026-02-09,1,DOWN,09:00,10:00,STL,SGM,9806
2026-02-09,1,DOWN,09:00,10:00,SGM,STE,8891
2026-02-09,1,DOWN,09:00,10:00,STE,SCR,7657
2026-02-09,1,DOWN,09:00,10:00,SCR,SSA,6466
2026-02-09,1,DOWN,09:00,10:00,SSA,SLM,5975
2026-02-09,1,DOWN,09:00,10:00,SLM,SGU,5029
2026-02-09,1,DOWN,09:00,10:00,SGU,SAL,3870
2026-02-09,1,DOWN,09:00,10:00,SAL,SOT,4033
2026-02-09,1,DOWN,09:00,10:00,SOT,SME,1466
2026-02-09,1,DOWN,09:00,10:00,SME,SAP,1062
2026-02-09,2,UP,09:00,10:00,SMM,SAL,1487
2026-02-09,2,UP,09:00,10:00,SAL,SSI,3864
2026-02-09,2,UP,09:00,10:00,SSI,SAN,3337
2026-02-09,2,UP,09:00,10:00,SAN,SVA,3530
2026-02-09,2,UP,09:00,10:00,SVA,SAR,2801
2026-02-09,2,UP,09:00,10:00,SAR,SCM,2743
2026-02-09,2,UP,09:00,10:00,SCM,SKO,2682
2026-02-09,2,UP,09:00,10:00,SKO,STI,3285
2026-02-09,2,UP,09:00,10:00,STI,SAT,4884
2026-02-09,2,UP,09:00,10:00,SAT,SAE,4982
2026-02-09,2,UP,09:00,10:00,SAE,SSN,4994
2026-02-09,2,UP,09:00,10:00,SSN,SPC,5035
2026-02-09,2,UP,09:00,10:00,SPC,SKM,5057
2026-02-09,2,UP,09:00,10:00,SKM,SNP,4770
2026-02-09,2,UP,09:00,10:00,SNP,SEG,4682
2026-02-09,2,UP,09:00,10:00,SEG,SCC,4386
2026-02-09,2,DOWN,09:00,10:00,SCC,SEG,3508
2026-02-09,2,DOWN,09:00,10:00,SEG,SNP,3654
2026-02-09,2,DOWN,09:00,10:00,SNP,SKM,3542
2026-02-09,2,DOWN,09:00,10:00,SKM,SPC,3271
2026-02-09,2,DOWN,09:00,10:00,SPC,SSN,2982
2026-02-09,2,DOWN,09:00,10:00,SSN,SAE,2872
2026-02-09,2,DOWN,09:00,10:00,SAE,SAT,2862
2026-02-09,2,DOWN,09:00,10:00,SAT,STI,2769
2026-02-09,2,DOWN,09:00,10:00,STI,SKO,3334
2026-02-09,2,DOWN,09:00,10:00,SKO,SCM,4262
2026-02-09,2,DOWN,09:00,10:00,SCM,SAR,4703
2026-02-09,2,DOWN,09:00,10:00,SAR,SVA,4988
2026-02-09,2,DOWN,09:00,10:00,SVA,SAN,4773
2026-02-09,2,DOWN,09:00,10:00,SAN,SSI,5021
2026-02-09,2,DOWN,09:00,10:00,SSI,SAL,3702
2026-02-09,2,DOWN,09:00,10:00,SAL,SMM,3018
2026-02-10,1,UP,19:00,20:00,SAP,SME,569
2026-02-10,1,UP,19:00,20:00,SME,SOT,758
2026-02-10,1,UP,19:00,20:00,SOT,SAL,839
2026-02-10,1,UP,19:00,20:00,SAL,SGU,1911
2026-02-10,1,UP,19:00,20:00,SGU,SLM,3059
2026-02-10,1,UP,19:00,20:00,SLM,SSA,3598
2026-02-10,1,UP,19:00,20:00,SSA,SCR,3866
2026-02-10,1,UP,19:00,20:00,SCR,STE,6617
2026-02-10,1,UP,19:00,20:00,STE,SGM,7018
2026-02-10,1,UP,19:00,20:00,SGM,STL,7145
2026-02-10,1,UP,19:00,20:00,STL,SLI,8467
2026-02-10,1,UP,19:00,20:00,SLI,SGE,8635
2026-02-10,1,UP,19:00,20:00,SGE,SCC,8622
2026-02-10,1,UP,19:00,20:00,SCC,SHC,8121
2026-02-10,1,UP,19:00,20:00,SHC,SMA,8435
2026-02-10,1,UP,19:00,20:00,SMA,SWA,8208
2026-02-10,1,UP,19:00,20:00,SWA,STC,7213
2026-02-10,1,UP,19:00,20:00,STC,STR,6434
2026-02-10,1,UP,19:00,20:00,STR,SNW,5493
2026-02-10,1,UP,19:00,20:00,SNW,STG,4838
2026-02-10,1,UP,19:00,20:00,STG,SKP,4480
2026-02-10,1,UP,19:00,20:00,SKP,STT,3611
2026-02-10,1,UP,19:00,20:00,STT,STV,2513
2026-02-10,1,UP,19:00,20:00,STV,SWN,1754
2026-02-10,1,UP,19:00,20:00,SWN,SWD,826
2026-02-10,1,DOWN,09:00,10:00,SWD,SWN,1367
2026-02-10,1,DOWN,09:00,10:00,SWN,STV,2224
2026-02-10,1,DOWN,09:00,10:00,STV,STT,3061
2026-02-10,1,DOWN,09:00,10:00,STT,SKP,4152
2026-02-10,1,DOWN,09:00,10:00,SKP,STG,5079
2026-02-10,1,DOWN,09:00,10:00,STG,SNW,5566
2026-02-10,1,DOWN,09:00,10:00,SNW,STR,6391
2026-02-10,1,DOWN,09:00,10:00,STR,STC,7531
2026-02-10,1,DOWN,09:00,10:00,STC,SWA,8377
2026-02-10,1,DOWN,09:00,10:00,SWA,SMA,9897
2026-02-10,1,DOWN,09:00,10:00,SMA,SHC,10114
2026-02-10,1,DOWN,09:00,10:00,SHC,SCC,9491
2026-02-10,1,DOWN,09:00,10:00,SCC,SGE,15089
2026-02-10,1,DOWN,09:00,10:00,SGE,SLI,14710
2026-02-10,1,DOWN,09:00,10:00,SLI,STL,13278
2026-02-10,1,DOWN,09:00,10:00,STL,SGM,10160
2026-02-10,1,DOWN,09:00,10:00,SGM,STE,9240
2026-02-10,1,DOWN,09:00,10:00,STE,SCR,7878
2026-02-10,1,DOWN,09:00,10:00,SCR,SSA,6669
2026-02-10,1,DOWN,09:00,10:00,SSA,SLM,6078
2026-02-10,1,DOWN,09:00,10:00,SLM,SGU,5063
2026-02-10,1,DOWN,09:00,10:00,SGU,SAL,3853
2026-02-10,1,DOWN,09:00,10:00,SAL,SOT,3970
2026-02-10,1,DOWN,09:00,10:00,SOT,SME,1463
2026-02-10,1,DOWN,09:00,10:00,SME,SAP,1090
2026-02-10,2,UP,09:00,10:00,SMM,SAL,1490
2026-02-10,2,UP,09:00,10:00,SAL,SSI,3891
2026-02-10,2,UP,09:00,10:00,SSI,SAN,3386
2026-02-10,2,UP,09:00,10:00,SAN,SVA,3624
2026-02-10,2,UP,09:00,10:00,SVA,SAR,2933
2026-02-10,2,UP,09:00,10:00,SAR,SCM,2885
2026-02-10,2,UP,09:00,10:00,SCM,SKO,2894
2026-02-10,2,UP,09:00,10:00,SKO,STI,3422
2026-02-10,2,UP,09:00,10:00,STI,SAT,5120
2026-02-10,2,UP,09:00,10:00,SAT,SAE,5228
2026-02-10,2,UP,09:00,10:00,SAE,SSN,5196
2026-02-10,2,UP,09:00,10:00,SSN,SPC,5236
2026-02-10,2,UP,09:00,10:00,SPC,SKM,5261
2026-02-10,2,UP,09:00,10:00,SKM,SNP,4933
2026-02-10,2,UP,09:00,10:00,SNP,SEG,4872
2026-02-10,2,UP,09:00,10:00,SEG,SCC,4589
2026-02-10,2,DOWN,19:00,20:00,SCC,SEG,4587
2026-02-10,2,DOWN,19:00,20:00,SEG,SNP,4790
2026-02-10,2,DOWN,19:00,20:00,SNP,SKM,4886
2026-02-10,2,DOWN,19:00,20:00,SKM,SPC,4995
2026-02-10,2,DOWN,19:00,20:00,SPC,SSN,4988
2026-02-10,2,DOWN,19:00,20:00,SSN,SAE,4919
2026-02-10,2,DOWN,19:00,20:00,SAE,SAT,4868
2026-02-10,2,DOWN,19:00,20:00,SAT,STI,4733
2026-02-10,2,DOWN,19:00,20:00,STI,SKO,3781
2026-02-10,2,DOWN,19:00,20:00,SKO,SCM,3050
2026-02-10,2,DOWN,19:00,20:00,SCM,SAR,2783
2026-02-10,2,DOWN,19:00,20:00,SAR,SVA,2656
2026-02-10,2,DOWN,19:00,20:00,SVA,SAN,2400
2026-02-10,2,DOWN,19:00,20:00,SAN,SSI,2211
2026-02-10,2,DOWN,19:00,20:00,SSI,SAL,2490
2026-02-10,2,DOWN,19:00,20:00,SAL,SMM,2507
2026-02-11,1,UP,19:00,20:00,SAP,SME,558
2026-02-11,1,UP,19:00,20:00,SME,SOT,784
2026-02-11,1,UP,19:00,20:00,SOT,SAL,876
2026-02-11,1,UP,19:00,20:00,SAL,SGU,1994
2026-02-11,1,UP,19:00,20:00,SGU,SLM,3090
2026-02-11,1,UP,19:00,20:00,SLM,SSA,3690
2026-02-11,1,UP,19:00,20:00,SSA,SCR,3988
2026-02-11,1,UP,19:00,20:00,SCR,STE,6210
2026-02-11,1,UP,19:00,20:00,STE,SGM,6480
2026-02-11,1,UP,19:00,20:00,SGM,STL,6631
2026-02-11,1,UP,19:00,20:00,STL,SLI,8005
2026-02-11,1,UP,19:00,20:00,SLI,SGE,8203
2026-02-11,1,UP,19:00,20:00,SGE,SCC,7863
2026-02-11,1,UP,19:00,20:00,SCC,SHC,7856
2026-02-11,1,UP,19:00,20:00,SHC,SMA,8166
2026-02-11,1,UP,19:00,20:00,SMA,SWA,7978
2026-02-11,1,UP,19:00,20:00,SWA,STC,7121
2026-02-11,1,UP,19:00,20:00,STC,STR,6287
2026-02-11,1,UP,19:00,20:00,STR,SNW,5322
2026-02-11,1,UP,19:00,20:00,SNW,STG,4621
2026-02-11,1,UP,19:00,20:00,STG,SKP,4255
2026-02-11,1,UP,19:00,20:00,SKP,STT,3570
2026-02-11,1,UP,19:00,20:00,STT,STV,2433
2026-02-11,1,UP,19:00,20:00,STV,SWN,1700
2026-02-11,1,UP,19:00,20:00,SWN,SWD,768
2026-02-11,1,DOWN,09:00,10:00,SWD,SWN,1159
2026-02-11,1,DOWN,09:00,10:00,SWN,STV,2039
2026-02-11,1,DOWN,09:00,10:00,STV,STT,2785
2026-02-11,1,DOWN,09:00,10:00,STT,SKP,3675
2026-02-11,1,DOWN,09:00,10:00,SKP,STG,4447
2026-02-11,1,DOWN,09:00,10:00,STG,SNW,4824
2026-02-11,1,DOWN,09:00,10:00,SNW,STR,5567
2026-02-11,1,DOWN,09:00,10:00,STR,STC,6526
2026-02-11,1,DOWN,09:00,10:00,STC,SWA,7242
2026-02-11,1,DOWN,09:00,10:00,SWA,SMA,8316
2026-02-11,1,DOWN,09:00,10:00,SMA,SHC,8389
2026-02-11,1,DOWN,09:00,10:00,SHC,SCC,7876
2026-02-11,1,DOWN,09:00,10:00,SCC,SGE,11806
2026-02-11,1,DOWN,09:00,10:00,SGE,SLI,11523
2026-02-11,1,DOWN,09:00,10:00,SLI,STL,10244
2026-02-11,1,DOWN,09:00,10:00,STL,SGM,8060
2026-02-11,1,DOWN,09:00,10:00,SGM,STE,7274
2026-02-11,1,DOWN,09:00,10:00,STE,SCR,6316
2026-02-11,1,DOWN,09:00,10:00,SCR,SSA,5385
2026-02-11,1,DOWN,09:00,10:00,SSA,SLM,4954
2026-02-11,1,DOWN,09:00,10:00,SLM,SGU,4123
2026-02-11,1,DOWN,09:00,10:00,SGU,SAL,3126
2026-02-11,1,DOWN,09:00,10:00,SAL,SOT,3205
2026-02-11,1,DOWN,09:00,10:00,SOT,SME,1157
2026-02-11,1,DOWN,09:00,10:00,SME,SAP,869
2026-02-11,2,UP,19:00,20:00,SMM,SAL,548
2026-02-11,2,UP,19:00,20:00,SAL,SSI,3708
2026-02-11,2,UP,19:00,20:00,SSI,SAN,4825
2026-02-11,2,UP,19:00,20:00,SAN,SVA,4657
2026-02-11,2,UP,19:00,20:00,SVA,SAR,4458
2026-02-11,2,UP,19:00,20:00,SAR,SCM,4273
2026-02-11,2,UP,19:00,20:00,SCM,SKO,3928
2026-02-11,2,UP,19:00,20:00,SKO,STI,3802
2026-02-11,2,UP,19:00,20:00,STI,SAT,3340
2026-02-11,2,UP,19:00,20:00,SAT,SAE,3490
2026-02-11,2,UP,19:00,20:00,SAE,SSN,3463
2026-02-11,2,UP,19:00,20:00,SSN,SPC,3533
2026-02-11,2,UP,19:00,20:00,SPC,SKM,3717
2026-02-11,2,UP,19:00,20:00,SKM,SNP,3825
2026-02-11,2,UP,19:00,20:00,SNP,SEG,3868
2026-02-11,2,UP,19:00,20:00,SEG,SCC,3630
2026-02-11,2,DOWN,18:00,19:00,SCC,SEG,4092
2026-02-11,2,DOWN,18:00,19:00,SEG,SNP,4248
2026-02-11,2,DOWN,18:00,19:00,SNP,SKM,4325
2026-02-11,2,DOWN,18:00,19:00,SKM,SPC,4439
2026-02-11,2,DOWN,18:00,19:00,SPC,SSN,4408
2026-02-11,2,DOWN,18:00,19:00,SSN,SAE,4337
2026-02-11,2,DOWN,18:00,19:00,SAE,SAT,4343
2026-02-11,2,DOWN,18:00,19:00,SAT,STI,4153
2026-02-11,2,DOWN,18:00,19:00,STI,SKO,3030
2026-02-11,2,DOWN,18:00,19:00,SKO,SCM,2610
2026-02-11,2,DOWN,18:00,19:00,SCM,SAR,2427
2026-02-11,2,DOWN,18:00,19:00,SAR,SVA,2496
2026-02-11,2,DOWN,18:00,19:00,SVA,SAN,2254
2026-02-11,2,DOWN,18:00,19:00,SAN,SSI,2170
2026-02-11,2,DOWN,18:00,19:00,SSI,SAL,2481
2026-02-11,2,DOWN,18:00,19:00,SAL,SMM,2503
2026-02-12,1,UP,19:00,20:00,SAP,SME,589
2026-02-12,1,UP,19:00,20:00,SME,SOT,827
2026-02-12,1,UP,19:00,20:00,SOT,SAL,907
2026-02-12,1,UP,19:00,20:00,SAL,SGU,2106
2026-02-12,1,UP,19:00,20:00,SGU,SLM,3301
2026-02-12,1,UP,19:00,20:00,SLM,SSA,3855
2026-02-12,1,UP,19:00,20:00,SSA,SCR,4072
2026-02-12,1,UP,19:00,20:00,SCR,STE,6283
2026-02-12,1,UP,19:00,20:00,STE,SGM,6594
2026-02-12,1,UP,19:00,20:00,SGM,STL,6804
2026-02-12,1,UP,19:00,20:00,STL,SLI,8206
2026-02-12,1,UP,19:00,20:00,SLI,SGE,8421
2026-02-12,1,UP,19:00,20:00,SGE,SCC,8034
2026-02-12,1,UP,19:00,20:00,SCC,SHC,8045
2026-02-12,1,UP,19:00,20:00,SHC,SMA,8443
2026-02-12,1,UP,19:00,20:00,SMA,SWA,8250
2026-02-12,1,UP,19:00,20:00,SWA,STC,7390
2026-02-12,1,UP,19:00,20:00,STC,STR,6543
2026-02-12,1,UP,19:00,20:00,STR,SNW,5665
2026-02-12,1,UP,19:00,20:00,SNW,STG,4951
2026-02-12,1,UP,19:00,20:00,STG,SKP,4543
2026-02-12,1,UP,19:00,20:00,SKP,STT,3790
2026-02-12,1,UP,19:00,20:00,STT,STV,2541
2026-02-12,1,UP,19:00,20:00,STV,SWN,1733
2026-02-12,1,UP,19:00,20:00,SWN,SWD,805
2026-02-12,1,DOWN,09:00,10:00,SWD,SWN,1254
2026-02-12,1,DOWN,09:00,10:00,SWN,STV,2262
2026-02-12,1,DOWN,09:00,10:00,STV,STT,3100
2026-02-12,1,DOWN,09:00,10:00,STT,SKP,4155
2026-02-12,1,DOWN,09:00,10:00,SKP,STG,5112
2026-02-12,1,DOWN,09:00,10:00,STG,SNW,5595
2026-02-12,1,DOWN,09:00,10:00,SNW,STR,6369
2026-02-12,1,DOWN,09:00,10:00,STR,STC,7448
2026-02-12,1,DOWN,09:00,10:00,STC,SWA,8248
2026-02-12,1,DOWN,09:00,10:00,SWA,SMA,9582
2026-02-12,1,DOWN,09:00,10:00,SMA,SHC,9867
2026-02-12,1,DOWN,09:00,10:00,SHC,SCC,9302
2026-02-12,1,DOWN,09:00,10:00,SCC,SGE,14075
2026-02-12,1,DOWN,09:00,10:00,SGE,SLI,13732
2026-02-12,1,DOWN,09:00,10:00,SLI,STL,12307
2026-02-12,1,DOWN,09:00,10:00,STL,SGM,9836
2026-02-12,1,DOWN,09:00,10:00,SGM,STE,8960
2026-02-12,1,DOWN,09:00,10:00,STE,SCR,7694
2026-02-12,1,DOWN,09:00,10:00,SCR,SSA,6593
2026-02-12,1,DOWN,09:00,10:00,SSA,SLM,6094
2026-02-12,1,DOWN,09:00,10:00,SLM,SGU,5156
2026-02-12,1,DOWN,09:00,10:00,SGU,SAL,3920
2026-02-12,1,DOWN,09:00,10:00,SAL,SOT,4077
2026-02-12,1,DOWN,09:00,10:00,SOT,SME,1473
2026-02-12,1,DOWN,09:00,10:00,SME,SAP,1097
2026-02-12,2,UP,09:00,10:00,SMM,SAL,1449
2026-02-12,2,UP,09:00,10:00,SAL,SSI,3750
2026-02-12,2,UP,09:00,10:00,SSI,SAN,3182
2026-02-12,2,UP,09:00,10:00,SAN,SVA,3407
2026-02-12,2,UP,09:00,10:00,SVA,SAR,2795
2026-02-12,2,UP,09:00,10:00,SAR,SCM,2743
2026-02-12,2,UP,09:00,10:00,SCM,SKO,2746
2026-02-12,2,UP,09:00,10:00,SKO,STI,3189
2026-02-12,2,UP,09:00,10:00,STI,SAT,4851
2026-02-12,2,UP,09:00,10:00,SAT,SAE,4968
2026-02-12,2,UP,09:00,10:00,SAE,SSN,4941
2026-02-12,2,UP,09:00,10:00,SSN,SPC,4999
2026-02-12,2,UP,09:00,10:00,SPC,SKM,5024
2026-02-12,2,UP,09:00,10:00,SKM,SNP,4730
2026-02-12,2,UP,09:00,10:00,SNP,SEG,4642
2026-02-12,2,UP,09:00,10:00,SEG,SCC,4365
2026-02-12,2,DOWN,09:00,10:00,SCC,SEG,3347
2026-02-12,2,DOWN,09:00,10:00,SEG,SNP,3470
2026-02-12,2,DOWN,09:00,10:00,SNP,SKM,3388
2026-02-12,2,DOWN,09:00,10:00,SKM,SPC,3113
2026-02-12,2,DOWN,09:00,10:00,SPC,SSN,2858
2026-02-12,2,DOWN,09:00,10:00,SSN,SAE,2761
2026-02-12,2,DOWN,09:00,10:00,SAE,SAT,2742
2026-02-12,2,DOWN,09:00,10:00,SAT,STI,2629
2026-02-12,2,DOWN,09:00,10:00,STI,SKO,3120
2026-02-12,2,DOWN,09:00,10:00,SKO,SCM,3869
2026-02-12,2,DOWN,09:00,10:00,SCM,SAR,4261
2026-02-12,2,DOWN,09:00,10:00,SAR,SVA,4536
2026-02-12,2,DOWN,09:00,10:00,SVA,SAN,4459
2026-02-12,2,DOWN,09:00,10:00,SAN,SSI,4795
2026-02-12,2,DOWN,09:00,10:00,SSI,SAL,3611
2026-02-12,2,DOWN,09:00,10:00,SAL,SMM,2937
2026-02-13,1,UP,19:00,20:00,SAP,SME,778
2026-02-13,1,UP,19:00,20:00,SME,SOT,1036
2026-02-13,1,UP,19:00,20:00,SOT,SAL,1114
2026-02-13,1,UP,19:00,20:00,SAL,SGU,2189
2026-02-13,1,UP,19:00,20:00,SGU,SLM,3372
2026-02-13,1,UP,19:00,20:00,SLM,SSA,3926
2026-02-13,1,UP,19:00,20:00,SSA,SCR,4171
2026-02-13,1,UP,19:00,20:00,SCR,STE,6293
2026-02-13,1,UP,19:00,20:00,STE,SGM,6563
2026-02-13,1,UP,19:00,20:00,SGM,STL,6682
2026-02-13,1,UP,19:00,20:00,STL,SLI,8097
2026-02-13,1,UP,19:00,20:00,SLI,SGE,8447
2026-02-13,1,UP,19:00,20:00,SGE,SCC,8118
2026-02-13,1,UP,19:00,20:00,SCC,SHC,7698
2026-02-13,1,UP,19:00,20:00,SHC,SMA,7980
2026-02-13,1,UP,19:00,20:00,SMA,SWA,7830
2026-02-13,1,UP,19:00,20:00,SWA,STC,6978
2026-02-13,1,UP,19:00,20:00,STC,STR,6144
2026-02-13,1,UP,19:00,20:00,STR,SNW,5217
2026-02-13,1,UP,19:00,20:00,SNW,STG,4503
2026-02-13,1,UP,19:00,20:00,STG,SKP,4187
2026-02-13,1,UP,19:00,20:00,SKP,STT,3394
2026-02-13,1,UP,19:00,20:00,STT,STV,2398
2026-02-13,1,UP,19:00,20:00,STV,SWN,1705
2026-02-13,1,UP,19:00,20:00,SWN,SWD,808
2026-02-13,1,DOWN,09:00,10:00,SWD,SWN,1341
2026-02-13,1,DOWN,09:00,10:00,SWN,STV,2335
2026-02-13,1,DOWN,09:00,10:00,STV,STT,3147
2026-02-13,1,DOWN,09:00,10:00,STT,SKP,4250
2026-02-13,1,DOWN,09:00,10:00,SKP,STG,5186
2026-02-13,1,DOWN,09:00,10:00,STG,SNW,5636
2026-02-13,1,DOWN,09:00,10:00,SNW,STR,6415
2026-02-13,1,DOWN,09:00,10:00,STR,STC,7560
2026-02-13,1,DOWN,09:00,10:00,STC,SWA,8405
2026-02-13,1,DOWN,09:00,10:00,SWA,SMA,9796
2026-02-13,1,DOWN,09:00,10:00,SMA,SHC,9988
2026-02-13,1,DOWN,09:00,10:00,SHC,SCC,9415
2026-02-13,1,DOWN,09:00,10:00,SCC,SGE,14880
2026-02-13,1,DOWN,09:00,10:00,SGE,SLI,14416
2026-02-13,1,DOWN,09:00,10:00,SLI,STL,12776
2026-02-13,1,DOWN,09:00,10:00,STL,SGM,9888
2026-02-13,1,DOWN,09:00,10:00,SGM,STE,8932
2026-02-13,1,DOWN,09:00,10:00,STE,SCR,7634
2026-02-13,1,DOWN,09:00,10:00,SCR,SSA,6454
2026-02-13,1,DOWN,09:00,10:00,SSA,SLM,5974
2026-02-13,1,DOWN,09:00,10:00,SLM,SGU,5036
2026-02-13,1,DOWN,09:00,10:00,SGU,SAL,3887
2026-02-13,1,DOWN,09:00,10:00,SAL,SOT,4036
2026-02-13,1,DOWN,09:00,10:00,SOT,SME,1508
2026-02-13,1,DOWN,09:00,10:00,SME,SAP,1159
2026-02-13,2,UP,09:00,10:00,SMM,SAL,1475
2026-02-13,2,UP,09:00,10:00,SAL,SSI,3723
2026-02-13,2,UP,09:00,10:00,SSI,SAN,3266
2026-02-13,2,UP,09:00,10:00,SAN,SVA,3520
2026-02-13,2,UP,09:00,10:00,SVA,SAR,2868
2026-02-13,2,UP,09:00,10:00,SAR,SCM,2801
2026-02-13,2,UP,09:00,10:00,SCM,SKO,2753
2026-02-13,2,UP,09:00,10:00,SKO,STI,3196
2026-02-13,2,UP,09:00,10:00,STI,SAT,4779
2026-02-13,2,UP,09:00,10:00,SAT,SAE,4879
2026-02-13,2,UP,09:00,10:00,SAE,SSN,4870
2026-02-13,2,UP,09:00,10:00,SSN,SPC,4922
2026-02-13,2,UP,09:00,10:00,SPC,SKM,4946
2026-02-13,2,UP,09:00,10:00,SKM,SNP,4682
2026-02-13,2,UP,09:00,10:00,SNP,SEG,4617
2026-02-13,2,UP,09:00,10:00,SEG,SCC,4350
2026-02-13,2,DOWN,18:00,19:00,SCC,SEG,4133
2026-02-13,2,DOWN,18:00,19:00,SEG,SNP,4159
2026-02-13,2,DOWN,18:00,19:00,SNP,SKM,4266
2026-02-13,2,DOWN,18:00,19:00,SKM,SPC,4435
2026-02-13,2,DOWN,18:00,19:00,SPC,SSN,4407
2026-02-13,2,DOWN,18:00,19:00,SSN,SAE,4317
2026-02-13,2,DOWN,18:00,19:00,SAE,SAT,4304
2026-02-13,2,DOWN,18:00,19:00,SAT,STI,4168
2026-02-13,2,DOWN,18:00,19:00,STI,SKO,3318
2026-02-13,2,DOWN,18:00,19:00,SKO,SCM,2860
2026-02-13,2,DOWN,18:00,19:00,SCM,SAR,2485
2026-02-13,2,DOWN,18:00,19:00,SAR,SVA,2544
2026-02-13,2,DOWN,18:00,19:00,SVA,SAN,2358
2026-02-13,2,DOWN,18:00,19:00,SAN,SSI,2312
2026-02-13,2,DOWN,18:00,19:00,SSI,SAL,2578
2026-02-13,2,DOWN,18:00,19:00,SAL,SMM,2529
2026-02-14,1,UP,18:00,19:00,SAP,SME,823
2026-02-14,1,UP,18:00,19:00,SME,SOT,1122
2026-02-14,1,UP,18:00,19:00,SOT,SAL,1242
2026-02-14,1,UP,18:00,19:00,SAL,SGU,2073
2026-02-14,1,UP,18:00,19:00,SGU,SLM,2760
2026-02-14,1,UP,18:00,19:00,SLM,SSA,3042
2026-02-14,1,UP,18:00,19:00,SSA,SCR,3349
2026-02-14,1,UP,18:00,19:00,SCR,STE,4345
2026-02-14,1,UP,18:00,19:00,STE,SGM,4528
2026-02-14,1,UP,18:00,19:00,SGM,STL,4696
2026-02-14,1,UP,18:00,19:00,STL,SLI,5033
2026-02-14,1,UP,18:00,19:00,SLI,SGE,5129
2026-02-14,1,UP,18:00,19:00,SGE,SCC,4994
2026-02-14,1,UP,18:00,19:00,SCC,SHC,4705
2026-02-14,1,UP,18:00,19:00,SHC,SMA,4564
2026-02-14,1,UP,18:00,19:00,SMA,SWA,4405
2026-02-14,1,UP,18:00,19:00,SWA,STC,3984
2026-02-14,1,UP,18:00,19:00,STC,STR,3493
2026-02-14,1,UP,18:00,19:00,STR,SNW,2964
2026-02-14,1,UP,18:00,19:00,SNW,STG,2576
2026-02-14,1,UP,18:00,19:00,STG,SKP,2313
2026-02-14,1,UP,18:00,19:00,SKP,STT,1941
2026-02-14,1,UP,18:00,19:00,STT,STV,1359
2026-02-14,1,UP,18:00,19:00,STV,SWN,936
2026-02-14,1,UP,18:00,19:00,SWN,SWD,398
2026-02-14,1,DOWN,09:00,10:00,SWD,SWN,741
2026-02-14,1,DOWN,09:00,10:00,SWN,STV,1350
2026-02-14,1,DOWN,09:00,10:00,STV,STT,1905
2026-02-14,1,DOWN,09:00,10:00,STT,SKP,2534
2026-02-14,1,DOWN,09:00,10:00,SKP,STG,3070
2026-02-14,1,DOWN,09:00,10:00,STG,SNW,3371
2026-02-14,1,DOWN,09:00,10:00,SNW,STR,3847
2026-02-14,1,DOWN,09:00,10:00,STR,STC,4508
2026-02-14,1,DOWN,09:00,10:00,STC,SWA,5033
2026-02-14,1,DOWN,09:00,10:00,SWA,SMA,5647
2026-02-14,1,DOWN,09:00,10:00,SMA,SHC,5744
2026-02-14,1,DOWN,09:00,10:00,SHC,SCC,5545
2026-02-14,1,DOWN,09:00,10:00,SCC,SGE,7326
2026-02-14,1,DOWN,09:00,10:00,SGE,SLI,6977
2026-02-14,1,DOWN,09:00,10:00,SLI,STL,6492
2026-02-14,1,DOWN,09:00,10:00,STL,SGM,5174
2026-02-14,1,DOWN,09:00,10:00,SGM,STE,4733
2026-02-14,1,DOWN,09:00,10:00,STE,SCR,4121
2026-02-14,1,DOWN,09:00,10:00,SCR,SSA,3699
2026-02-14,1,DOWN,09:00,10:00,SSA,SLM,3495
2026-02-14,1,DOWN,09:00,10:00,SLM,SGU,3168
2026-02-14,1,DOWN,09:00,10:00,SGU,SAL,2738
2026-02-14,1,DOWN,09:00,10:00,SAL,SOT,2845
2026-02-14,1,DOWN,09:00,10:00,SOT,SME,888
2026-02-14,1,DOWN,09:00,10:00,SME,SAP,646
2026-02-14,2,UP,17:00,18:00,SMM,SAL,945
2026-02-14,2,UP,17:00,18:00,SAL,SSI,3014
2026-02-14,2,UP,17:00,18:00,SSI,SAN,3273
2026-02-14,2,UP,17:00,18:00,SAN,SVA,3648
2026-02-14,2,UP,17:00,18:00,SVA,SAR,3574
2026-02-14,2,UP,17:00,18:00,SAR,SCM,3597
2026-02-14,2,UP,17:00,18:00,SCM,SKO,3425
2026-02-14,2,UP,17:00,18:00,SKO,STI,3922
2026-02-14,2,UP,17:00,18:00,STI,SAT,4297
2026-02-14,2,UP,17:00,18:00,SAT,SAE,4370
2026-02-14,2,UP,17:00,18:00,SAE,SSN,4460
2026-02-14,2,UP,17:00,18:00,SSN,SPC,4573
2026-02-14,2,UP,17:00,18:00,SPC,SKM,4650
2026-02-14,2,UP,17:00,18:00,SKM,SNP,4715
2026-02-14,2,UP,17:00,18:00,SNP,SEG,4784
2026-02-14,2,UP,17:00,18:00,SEG,SCC,4367
2026-02-14,2,DOWN,19:00,20:00,SCC,SEG,2624
2026-02-14,2,DOWN,19:00,20:00,SEG,SNP,2705
2026-02-14,2,DOWN,19:00,20:00,SNP,SKM,2765
2026-02-14,2,DOWN,19:00,20:00,SKM,SPC,2815
2026-02-14,2,DOWN,19:00,20:00,SPC,SSN,2825
2026-02-14,2,DOWN,19:00,20:00,SSN,SAE,2794
2026-02-14,2,DOWN,19:00,20:00,SAE,SAT,2830
2026-02-14,2,DOWN,19:00,20:00,SAT,STI,2934
2026-02-14,2,DOWN,19:00,20:00,STI,SKO,2695
2026-02-14,2,DOWN,19:00,20:00,SKO,SCM,2393
2026-02-14,2,DOWN,19:00,20:00,SCM,SAR,2078
2026-02-14,2,DOWN,19:00,20:00,SAR,SVA,2048
2026-02-14,2,DOWN,19:00,20:00,SVA,SAN,2135
2026-02-14,2,DOWN,19:00,20:00,SAN,SSI,2063
2026-02-14,2,DOWN,19:00,20:00,SSI,SAL,2071
2026-02-14,2,DOWN,19:00,20:00,SAL,SMM,1826
2026-02-15,1,UP,18:00,19:00,SAP,SME,532
2026-02-15,1,UP,18:00,19:00,SME,SOT,682
2026-02-15,1,UP,18:00,19:00,SOT,SAL,752
2026-02-15,1,UP,18:00,19:00,SAL,SGU,1254
2026-02-15,1,UP,18:00,19:00,SGU,SLM,1581
2026-02-15,1,UP,18:00,19:00,SLM,SSA,1730
2026-02-15,1,UP,18:00,19:00,SSA,SCR,1812
2026-02-15,1,UP,18:00,19:00,SCR,STE,2518
2026-02-15,1,UP,18:00,19:00,STE,SGM,2496
2026-02-15,1,UP,18:00,19:00,SGM,STL,2541
2026-02-15,1,UP,18:00,19:00,STL,SLI,2656
2026-02-15,1,UP,18:00,19:00,SLI,SGE,2706
2026-02-15,1,UP,18:00,19:00,SGE,SCC,2992
2026-02-15,1,UP,18:00,19:00,SCC,SHC,2630
2026-02-15,1,UP,18:00,19:00,SHC,SMA,2638
2026-02-15,1,UP,18:00,19:00,SMA,SWA,2442
2026-02-15,1,UP,18:00,19:00,SWA,STC,2285
2026-02-15,1,UP,18:00,19:00,STC,STR,2109
2026-02-15,1,UP,18:00,19:00,STR,SNW,1789
2026-02-15,1,UP,18:00,19:00,SNW,STG,1601
2026-02-15,1,UP,18:00,19:00,STG,SKP,1489
2026-02-15,1,UP,18:00,19:00,SKP,STT,1256
2026-02-15,1,UP,18:00,19:00,STT,STV,743
2026-02-15,1,UP,18:00,19:00,STV,SWN,482
2026-02-15,1,UP,18:00,19:00,SWN,SWD,235
2026-02-15,1,DOWN,18:00,19:00,SWD,SWN,272
2026-02-15,1,DOWN,18:00,19:00,SWN,STV,430
2026-02-15,1,DOWN,18:00,19:00,STV,STT,618
2026-02-15,1,DOWN,18:00,19:00,STT,SKP,900
2026-02-15,1,DOWN,18:00,19:00,SKP,STG,1059
2026-02-15,1,DOWN,18:00,19:00,STG,SNW,1160
2026-02-15,1,DOWN,18:00,19:00,SNW,STR,1312
2026-02-15,1,DOWN,18:00,19:00,STR,STC,1441
2026-02-15,1,DOWN,18:00,19:00,STC,SWA,1623
2026-02-15,1,DOWN,18:00,19:00,SWA,SMA,1729
2026-02-15,1,DOWN,18:00,19:00,SMA,SHC,1865
2026-02-15,1,DOWN,18:00,19:00,SHC,SCC,2056
2026-02-15,1,DOWN,18:00,19:00,SCC,SGE,2733
2026-02-15,1,DOWN,18:00,19:00,SGE,SLI,3457
2026-02-15,1,DOWN,18:00,19:00,SLI,STL,3465
2026-02-15,1,DOWN,18:00,19:00,STL,SGM,3456
2026-02-15,1,DOWN,18:00,19:00,SGM,STE,3500
2026-02-15,1,DOWN,18:00,19:00,STE,SCR,3466
2026-02-15,1,DOWN,18:00,19:00,SCR,SSA,3433
2026-02-15,1,DOWN,18:00,19:00,SSA,SLM,3266
2026-02-15,1,DOWN,18:00,19:00,SLM,SGU,3215
2026-02-15,1,DOWN,18:00,19:00,SGU,SAL,2825
2026-02-15,1,DOWN,18:00,19:00,SAL,SOT,3024
2026-02-15,1,DOWN,18:00,19:00,SOT,SME,1821
2026-02-15,1,DOWN,18:00,19:00,SME,SAP,1449
2026-02-15,2,UP,16:00,17:00,SMM,SAL,368
2026-02-15,2,UP,16:00,17:00,SAL,SSI,1787
2026-02-15,2,UP,16:00,17:00,SSI,SAN,1876
2026-02-15,2,UP,16:00,17:00,SAN,SVA,2054
2026-02-15,2,UP,16:00,17:00,SVA,SAR,2326
2026-02-15,2,UP,16:00,17:00,SAR,SCM,2332
2026-02-15,2,UP,16:00,17:00,SCM,SKO,2201
2026-02-15,2,UP,16:00,17:00,SKO,STI,2335
2026-02-15,2,UP,16:00,17:00,STI,SAT,2672
2026-02-15,2,UP,16:00,17:00,SAT,SAE,2690
2026-02-15,2,UP,16:00,17:00,SAE,SSN,2797
2026-02-15,2,UP,16:00,17:00,SSN,SPC,2831
2026-02-15,2,UP,16:00,17:00,SPC,SKM,2875
2026-02-15,2,UP,16:00,17:00,SKM,SNP,2896
2026-02-15,2,UP,16:00,17:00,SNP,SEG,2886
2026-02-15,2,UP,16:00,17:00,SEG,SCC,2712
2026-02-15,2,DOWN,18:00,19:00,SCC,SEG,1982
2026-02-15,2,DOWN,18:00,19:00,SEG,SNP,1891
2026-02-15,2,DOWN,18:00,19:00,SNP,SKM,1941
2026-02-15,2,DOWN,18:00,19:00,SKM,SPC,1977
2026-02-15,2,DOWN,18:00,19:00,SPC,SSN,1991
2026-02-15,2,DOWN,18:00,19:00,SSN,SAE,1977
2026-02-15,2,DOWN,18:00,19:00,SAE,SAT,2035
2026-02-15,2,DOWN,18:00,19:00,SAT,STI,2051
2026-02-15,2,DOWN,18:00,19:00,STI,SKO,1797
2026-02-15,2,DOWN,18:00,19:00,SKO,SCM,1758
2026-02-15,2,DOWN,18:00,19:00,SCM,SAR,1634
2026-02-15,2,DOWN,18:00,19:00,SAR,SVA,1643
2026-02-15,2,DOWN,18:00,19:00,SVA,SAN,1527
2026-02-15,2,DOWN,18:00,19:00,SAN,SSI,1455
2026-02-15,2,DOWN,18:00,19:00,SSI,SAL,1373
2026-02-15,2,DOWN,18:00,19:00,SAL,SMM,1202
2026-02-16,1,UP,19:00,20:00,SAP,SME,560
2026-02-16,1,UP,19:00,20:00,SME,SOT,771
2026-02-16,1,UP,19:00,20:00,SOT,SAL,862
2026-02-16,1,UP,19:00,20:00,SAL,SGU,1900
2026-02-16,1,UP,19:00,20:00,SGU,SLM,3019
2026-02-16,1,UP,19:00,20:00,SLM,SSA,3565
2026-02-16,1,UP,19:00,20:00,SSA,SCR,3778
2026-02-16,1,UP,19:00,20:00,SCR,STE,5843
2026-02-16,1,UP,19:00,20:00,STE,SGM,6125
2026-02-16,1,UP,19:00,20:00,SGM,STL,6301
2026-02-16,1,UP,19:00,20:00,STL,SLI,7578
2026-02-16,1,UP,19:00,20:00,SLI,SGE,7754
2026-02-16,1,UP,19:00,20:00,SGE,SCC,7576
2026-02-16,1,UP,19:00,20:00,SCC,SHC,7466
2026-02-16,1,UP,19:00,20:00,SHC,SMA,7795
2026-02-16,1,UP,19:00,20:00,SMA,SWA,7582
2026-02-16,1,UP,19:00,20:00,SWA,STC,6811
2026-02-16,1,UP,19:00,20:00,STC,STR,6027
2026-02-16,1,UP,19:00,20:00,STR,SNW,5160
2026-02-16,1,UP,19:00,20:00,SNW,STG,4508
2026-02-16,1,UP,19:00,20:00,STG,SKP,4182
2026-02-16,1,UP,19:00,20:00,SKP,STT,3408
2026-02-16,1,UP,19:00,20:00,STT,STV,2429
2026-02-16,1,UP,19:00,20:00,STV,SWN,1664
2026-02-16,1,UP,19:00,20:00,SWN,SWD,745
2026-02-16,1,DOWN,09:00,10:00,SWD,SWN,1267
2026-02-16,1,DOWN,09:00,10:00,SWN,STV,2171
2026-02-16,1,DOWN,09:00,10:00,STV,STT,2929
2026-02-16,1,DOWN,09:00,10:00,STT,SKP,3933
2026-02-16,1,DOWN,09:00,10:00,SKP,STG,4820
2026-02-16,1,DOWN,09:00,10:00,STG,SNW,5248
2026-02-16,1,DOWN,09:00,10:00,SNW,STR,5971
2026-02-16,1,DOWN,09:00,10:00,STR,STC,7003
2026-02-16,1,DOWN,09:00,10:00,STC,SWA,7798
2026-02-16,1,DOWN,09:00,10:00,SWA,SMA,9197
2026-02-16,1,DOWN,09:00,10:00,SMA,SHC,9426
2026-02-16,1,DOWN,09:00,10:00,SHC,SCC,8894
2026-02-16,1,DOWN,09:00,10:00,SCC,SGE,14280
2026-02-16,1,DOWN,09:00,10:00,SGE,SLI,13833
2026-02-16,1,DOWN,09:00,10:00,SLI,STL,12305
2026-02-16,1,DOWN,09:00,10:00,STL,SGM,9353
2026-02-16,1,DOWN,09:00,10:00,SGM,STE,8387
2026-02-16,1,DOWN,09:00,10:00,STE,SCR,6993
2026-02-16,1,DOWN,09:00,10:00,SCR,SSA,6237
2026-02-16,1,DOWN,09:00,10:00,SSA,SLM,5822
2026-02-16,1,DOWN,09:00,10:00,SLM,SGU,4919
2026-02-16,1,DOWN,09:00,10:00,SGU,SAL,3712
2026-02-16,1,DOWN,09:00,10:00,SAL,SOT,3891
2026-02-16,1,DOWN,09:00,10:00,SOT,SME,1428
2026-02-16,1,DOWN,09:00,10:00,SME,SAP,1093
2026-02-16,2,UP,09:00,10:00,SMM,SAL,1482
2026-02-16,2,UP,09:00,10:00,SAL,SSI,3843
2026-02-16,2,UP,09:00,10:00,SSI,SAN,3245
2026-02-16,2,UP,09:00,10:00,SAN,SVA,3475
2026-02-16,2,UP,09:00,10:00,SVA,SAR,2807
2026-02-16,2,UP,09:00,10:00,SAR,SCM,2707
2026-02-16,2,UP,09:00,10:00,SCM,SKO,2685
2026-02-16,2,UP,09:00,10:00,SKO,STI,3087
2026-02-16,2,UP,09:00,10:00,STI,SAT,4611
2026-02-16,2,UP,09:00,10:00,SAT,SAE,4690
2026-02-16,2,UP,09:00,10:00,SAE,SSN,4704
2026-02-16,2,UP,09:00,10:00,SSN,SPC,4720
2026-02-16,2,UP,09:00,10:00,SPC,SKM,4745
2026-02-16,2,UP,09:00,10:00,SKM,SNP,4490
2026-02-16,2,UP,09:00,10:00,SNP,SEG,4415
2026-02-16,2,UP,09:00,10:00,SEG,SCC,4181
2026-02-16,2,DOWN,09:00,10:00,SCC,SEG,3408
2026-02-16,2,DOWN,09:00,10:00,SEG,SNP,3559
2026-02-16,2,DOWN,09:00,10:00,SNP,SKM,3509
2026-02-16,2,DOWN,09:00,10:00,SKM,SPC,3270
2026-02-16,2,DOWN,09:00,10:00,SPC,SSN,3023
2026-02-16,2,DOWN,09:00,10:00,SSN,SAE,2895
2026-02-16,2,DOWN,09:00,10:00,SAE,SAT,2866
2026-02-16,2,DOWN,09:00,10:00,SAT,STI,2795
2026-02-16,2,DOWN,09:00,10:00,STI,SKO,3295
2026-02-16,2,DOWN,09:00,10:00,SKO,SCM,3956
2026-02-16,2,DOWN,09:00,10:00,SCM,SAR,4318
2026-02-16,2,DOWN,09:00,10:00,SAR,SVA,4547
2026-02-16,2,DOWN,09:00,10:00,SVA,SAN,4450
2026-02-16,2,DOWN,09:00,10:00,SAN,SSI,4771
2026-02-16,2,DOWN,09:00,10:00,SSI,SAL,3511
2026-02-16,2,DOWN,09:00,10:00,SAL,SMM,2846
2026-02-17,1,UP,19:00,20:00,SAP,SME,495
2026-02-17,1,UP,19:00,20:00,SME,SOT,683
2026-02-17,1,UP,19:00,20:00,SOT,SAL,759
2026-02-17,1,UP,19:00,20:00,SAL,SGU,1795
2026-02-17,1,UP,19:00,20:00,SGU,SLM,2843
2026-02-17,1,UP,19:00,20:00,SLM,SSA,3442
2026-02-17,1,UP,19:00,20:00,SSA,SCR,3626
2026-02-17,1,UP,19:00,20:00,SCR,STE,5753
2026-02-17,1,UP,19:00,20:00,STE,SGM,6118
2026-02-17,1,UP,19:00,20:00,SGM,STL,6307
2026-02-17,1,UP,19:00,20:00,STL,SLI,7607
2026-02-17,1,UP,19:00,20:00,SLI,SGE,7754
2026-02-17,1,UP,19:00,20:00,SGE,SCC,7676
2026-02-17,1,UP,19:00,20:00,SCC,SHC,7879
2026-02-17,1,UP,19:00,20:00,SHC,SMA,8198
2026-02-17,1,UP,19:00,20:00,SMA,SWA,7988
2026-02-17,1,UP,19:00,20:00,SWA,STC,7091
2026-02-17,1,UP,19:00,20:00,STC,STR,6211
2026-02-17,1,UP,19:00,20:00,STR,SNW,5274
2026-02-17,1,UP,19:00,20:00,SNW,STG,4627
2026-02-17,1,UP,19:00,20:00,STG,SKP,4263
2026-02-17,1,UP,19:00,20:00,SKP,STT,3474
2026-02-17,1,UP,19:00,20:00,STT,STV,2451
2026-02-17,1,UP,19:00,20:00,STV,SWN,1733
2026-02-17,1,UP,19:00,20:00,SWN,SWD,795
2026-02-17,1,DOWN,09:00,10:00,SWD,SWN,1335
2026-02-17,1,DOWN,09:00,10:00,SWN,STV,2363
2026-02-17,1,DOWN,09:00,10:00,STV,STT,3187
2026-02-17,1,DOWN,09:00,10:00,STT,SKP,4234
2026-02-17,1,DOWN,09:00,10:00,SKP,STG,5154
2026-02-17,1,DOWN,09:00,10:00,STG,SNW,5615
2026-02-17,1,DOWN,09:00,10:00,SNW,STR,6401
2026-02-17,1,DOWN,09:00,10:00,STR,STC,7518
2026-02-17,1,DOWN,09:00,10:00,STC,SWA,8339
2026-02-17,1,DOWN,09:00,10:00,SWA,SMA,9880
2026-02-17,1,DOWN,09:00,10:00,SMA,SHC,10063
2026-02-17,1,DOWN,09:00,10:00,SHC,SCC,9510
2026-02-17,1,DOWN,09:00,10:00,SCC,SGE,15088
2026-02-17,1,DOWN,09:00,10:00,SGE,SLI,14434
2026-02-17,1,DOWN,09:00,10:00,SLI,STL,12975
2026-02-17,1,DOWN,09:00,10:00,STL,SGM,10012
2026-02-17,1,DOWN,09:00,10:00,SGM,STE,9084
2026-02-17,1,DOWN,09:00,10:00,STE,SCR,7682
2026-02-17,1,DOWN,09:00,10:00,SCR,SSA,6486
2026-02-17,1,DOWN,09:00,10:00,SSA,SLM,5972
2026-02-17,1,DOWN,09:00,10:00,SLM,SGU,5005
2026-02-17,1,DOWN,09:00,10:00,SGU,SAL,3722
2026-02-17,1,DOWN,09:00,10:00,SAL,SOT,3846
2026-02-17,1,DOWN,09:00,10:00,SOT,SME,1395
2026-02-17,1,DOWN,09:00,10:00,SME,SAP,1027
2026-02-17,2,UP,09:00,10:00,SMM,SAL,1464
2026-02-17,2,UP,09:00,10:00,SAL,SSI,3701
2026-02-17,2,UP,09:00,10:00,SSI,SAN,3203
2026-02-17,2,UP,09:00,10:00,SAN,SVA,3449
2026-02-17,2,UP,09:00,10:00,SVA,SAR,2856
2026-02-17,2,UP,09:00,10:00,SAR,SCM,2830
2026-02-17,2,UP,09:00,10:00,SCM,SKO,2781
2026-02-17,2,UP,09:00,10:00,SKO,STI,3360
2026-02-17,2,UP,09:00,10:00,STI,SAT,5075
2026-02-17,2,UP,09:00,10:00,SAT,SAE,5227
2026-02-17,2,UP,09:00,10:00,SAE,SSN,5210
2026-02-17,2,UP,09:00,10:00,SSN,SPC,5237
2026-02-17,2,UP,09:00,10:00,SPC,SKM,5256
2026-02-17,2,UP,09:00,10:00,SKM,SNP,4987
2026-02-17,2,UP,09:00,10:00,SNP,SEG,4905
2026-02-17,2,UP,09:00,10:00,SEG,SCC,4588
2026-02-17,2,DOWN,09:00,10:00,SCC,SEG,3374
2026-02-17,2,DOWN,09:00,10:00,SEG,SNP,3543
2026-02-17,2,DOWN,09:00,10:00,SNP,SKM,3451
2026-02-17,2,DOWN,09:00,10:00,SKM,SPC,3215
2026-02-17,2,DOWN,09:00,10:00,SPC,SSN,2930
2026-02-17,2,DOWN,09:00,10:00,SSN,SAE,2792
2026-02-17,2,DOWN,09:00,10:00,SAE,SAT,2754
2026-02-17,2,DOWN,09:00,10:00,SAT,STI,2645
2026-02-17,2,DOWN,09:00,10:00,STI,SKO,3073
2026-02-17,2,DOWN,09:00,10:00,SKO,SCM,3918
2026-02-17,2,DOWN,09:00,10:00,SCM,SAR,4354
2026-02-17,2,DOWN,09:00,10:00,SAR,SVA,4595
2026-02-17,2,DOWN,09:00,10:00,SVA,SAN,4543
2026-02-17,2,DOWN,09:00,10:00,SAN,SSI,4908
2026-02-17,2,DOWN,09:00,10:00,SSI,SAL,3815
2026-02-17,2,DOWN,09:00,10:00,SAL,SMM,3116
